EVENT_ID,CZ_NAME_STR,BEGIN_LOCATION,BEGIN_DATE,BEGIN_TIME,EVENT_TYPE,MAGNITUDE,TOR_F_SCALE,DEATHS_DIRECT,INJURIES_DIRECT,DAMAGE_PROPERTY_NUM,DAMAGE_CROPS_NUM,STATE_ABBR,CZ_TIMEZONE,MAGNITUDE_TYPE,EPISODE_ID,CZ_TYPE,CZ_FIPS,WFO,INJURIES_INDIRECT,DEATHS_INDIRECT,SOURCE,FLOOD_CAUSE,TOR_LENGTH,TOR_WIDTH,BEGIN_RANGE,BEGIN_AZIMUTH,END_RANGE,END_AZIMUTH,END_LOCATION,BEGIN_LAT,BEGIN_LON,END_LAT,END_LON,ABSOLUTE_ROWNUMBER
620769,NORTH FULTON (ZONE), ,03/24/2016,1905,High Wind,50.00, ,0,0,1000,0,GA,EST-5,EG,103360,Z,33,FFC,0,0,Law Enforcement, , , , , , , , , , , , ,1
620768,SOUTH FULTON (ZONE), ,03/24/2016,1835,High Wind,50.00, ,0,0,3000,0,GA,EST-5,EG,103360,Z,44,FFC,0,0,Social Media, , , , , , , , , , , , ,2
620773,SOUTH FULTON (ZONE), ,03/24/2016,1830,Strong Wind,43.00, ,0,0,0,0,GA,EST-5,MG,103360,Z,44,FFC,0,0,Mesonet, , , , , , , , , , , , ,3
613703,NORTH FULTON (ZONE), ,01/22/2016,1600,Winter Weather, , ,0,0,0,0,GA,EST-5, ,102405,Z,33,FFC,0,0,Emergency Manager, , , , , , , , , , , , ,4
612060,FULTON CO.,SANDY SPGS,12/24/2015,1059,Flash Flood, , ,0,0,300000,0,GA,EST-5, ,101534,C,121,FFC,0,0,Other Federal Agency,Heavy Rain, , ,5,S,2,NNE,BOLTON,33.85,-84.38,33.85,-84.45,5
603839,FULTON CO.,FAIRBURN SKY PORT,11/18/2015,1659,Tornado, ,EF1,0,1,150000,0,GA,EST-5, ,100921,C,121,FFC,0,0,NWS Storm Survey, ,2.64,200,2,N,1,NW,FAIRBURN,33.5584,-84.6295,33.5789,-84.5907,6
603800,NORTH FULTON (ZONE), ,11/09/2015,500,Strong Wind,35.00, ,0,0,30000,0,GA,EST-5,EG,100919,Z,33,FFC,0,1,Emergency Manager, , , , , , , , , , , , ,7
598816,FULTON CO.,ATLANTA,08/10/2015,1700,Thunderstorm Wind,50.00, ,0,0,2000,0,GA,EST-5,EG,99752,C,121,FFC,0,0,Social Media, , , ,2,SSW,3,ENE,ATLANTA,33.738,-84.4176,33.7891,-84.3503,8
594543,FULTON CO.,ATLANTA,07/23/2015,1318,Thunderstorm Wind,45.00, ,0,0,1000,0,GA,EST-5,EG,98453,C,121,FFC,0,0,Broadcast Media, , , ,3,WNW,3,WNW,ATLANTA,33.7788,-84.4497,33.7788,-84.4497,9
592403,FULTON CO.,FT MC PHERSON,07/19/2015,1438,Thunderstorm Wind,50.00, ,0,0,7000,0,GA,EST-5,EG,98452,C,121,FFC,0,0,Broadcast Media, , , ,2,WNW,2,WNW,FT MC PHERSON,33.7062,-84.4816,33.7062,-84.4816,10
592396,FULTON CO.,MOUNTAIN PARK,07/14/2015,2015,Thunderstorm Wind,55.00, ,0,0,60000,0,GA,EST-5,EG,98451,C,121,FFC,0,0,Emergency Manager, , , ,1,SSE,1,ENE,ATLANTA,34.0636,-84.4156,33.7769,-84.3776,11
591336,FULTON CO.,ROSWELL,06/30/2015,1145,Thunderstorm Wind,50.00, ,0,0,10000,0,GA,EST-5,EG,97158,C,121,FFC,0,0,Broadcast Media, , , ,0,E,0,E,ROSWELL,34.0212,-84.3617,34.0212,-84.3617,12
591256,FULTON CO.,ALPHARETTA,06/26/2015,2015,Hail,1.00, ,0,0,0,0,GA,EST-5, ,97156,C,121,FFC,0,0,Social Media, , , ,2,SSE,2,SSE,ALPHARETTA,34.0503,-84.2851,34.0503,-84.2851,13
591065,FULTON CO.,(ATL)ATLANTA INTL AR,06/24/2015,1535,Thunderstorm Wind,45.00, ,0,0,1000,0,GA,EST-5,EG,96197,C,121,FFC,0,0,Department of Highways, , , ,1,N,1,N,(ATL)ATLANTA INTL AR,33.66,-84.43,33.66,-84.43,14
591059,FULTON CO.,EAST PT,06/24/2015,1500,Hail,1.75, ,0,0,4000000,0,GA,EST-5, ,96197,C,121,FFC,0,0,Emergency Manager, , , ,1,E,1,E,EAST PT,33.68,-84.44,33.68,-84.44,15
590966,FULTON CO.,RED OAK,06/18/2015,1630,Thunderstorm Wind,55.00, ,0,0,10000,0,GA,EST-5,EG,97151,C,121,FFC,0,0,Broadcast Media, , , ,1,SE,2,SE,RED OAK,33.6032,-84.4843,33.6044,-84.4739,16
590866,FULTON CO.,ATLANTA,06/09/2015,1415,Thunderstorm Wind,50.00, ,0,0,25000,0,GA,EST-5,EG,97150,C,121,FFC,0,0,Emergency Manager, , , ,3,SE,5,ENE,BOLTON,33.7426,-84.3659,33.8371,-84.3915,17
584426,FULTON CO.,PALMETTO,06/03/2015,1525,Hail,1.00, ,0,0,0,0,GA,EST-5, ,95351,C,121,FFC,0,0,Social Media, , , ,2,W,2,W,PALMETTO,33.5196,-84.705,33.5196,-84.705,18
574742,FULTON CO.,ALPHARETTA,04/20/2015,1349,Hail,1.25, ,0,0,0,0,GA,EST-5, ,95555,C,121,FFC,0,0,Storm Chaser, , , ,3,SSE,3,SSE,ALPHARETTA,34.03,-84.29,34.03,-84.29,19
574741,FULTON CO.,ALPHARETTA,04/20/2015,1340,Hail,1.00, ,0,0,0,0,GA,EST-5, ,95555,C,121,FFC,0,0,Amateur Radio, , , ,2,SSW,2,SSW,ALPHARETTA,34.04,-84.3163,34.04,-84.3163,20
574740,FULTON CO.,ALPHARETTA,04/20/2015,1330,Hail,1.00, ,0,0,0,0,GA,EST-5, ,95555,C,121,FFC,0,0,Trained Spotter, , , ,2,SSW,2,SSW,ALPHARETTA,34.04,-84.32,34.04,-84.32,21
574739,FULTON CO.,ROSWELL,04/20/2015,1320,Hail,1.75, ,0,0,4000000,0,GA,EST-5, ,95555,C,121,FFC,0,0,Public, , , ,3,E,3,E,ROSWELL,34.0216,-84.3243,34.0216,-84.3243,22
574750,FULTON CO.,ROSWELL,04/20/2015,1318,Thunderstorm Wind,60.00, ,0,0,10000,0,GA,EST-5,EG,95555,C,121,FFC,0,0,Emergency Manager, , , ,3,SSE,1,S,OCEE,33.9784,-84.3518,34.05,-84.2198,23
574066,FULTON CO.,ATLANTA,04/10/2015,1710,Thunderstorm Wind,55.00, ,0,0,10000,0,GA,EST-5,EG,95551,C,121,FFC,0,0,Emergency Manager, , , ,1,NE,5,ENE,ATLANTA,33.7822,-84.3795,33.8005,-84.324,24
565853,NORTH FULTON (ZONE), ,02/25/2015,1400,Winter Storm, , ,0,0,0,0,GA,EST-5, ,94028,Z,33,FFC,0,0,Public, , , , , , , , , , , , ,25
565854,NORTH FULTON (ZONE), ,02/25/2015,1400,Winter Storm, , ,0,0,0,0,GA,EST-5, ,94028,Z,33,FFC,0,0,Public, , , , , , , , , , , , ,26
565803,NORTH FULTON (ZONE), ,02/24/2015,200,Winter Weather, , ,0,0,0,0,GA,EST-5, ,94028,Z,33,FFC,0,0,CoCoRaHS, , , , , , , , , , , , ,27
565508,NORTH FULTON (ZONE), ,02/20/2015,1500,Winter Weather, , ,0,0,0,0,GA,EST-5, ,94027,Z,33,FFC,0,0,Emergency Manager, , , , , , , , , , , , ,28
565463,NORTH FULTON (ZONE), ,02/16/2015,1430,Ice Storm, , ,0,0,0,0,GA,EST-5, ,94026,Z,33,FFC,0,0,Trained Spotter, , , , , , , , , , , , ,29
550991,FULTON CO.,NEWTOWN,01/04/2015,530,Flash Flood, , ,0,0,3000,0,GA,EST-5, ,91813,C,121,FFC,0,0,Other Federal Agency,Heavy Rain, , ,2,N,1,W,NEWTOWN,34.1,-84.25,34.07,-84.27,30
547151,FULTON CO.,ALPHARETTA,10/14/2014,456,Thunderstorm Wind,55.00, ,0,0,15000,0,GA,EST-5,EG,90768,C,121,FFC,0,0,Emergency Manager, , , ,1,NE,1,NE,ALPHARETTA,34.08,-84.29,34.08,-84.29,31
547198,FULTON CO.,CRABAPPLE,10/14/2014,455,Tornado, ,EF1,0,0,80000,0,GA,EST-5, ,90768,C,121,FFC,0,0,NWS Storm Survey, ,6.4,100,0,SE,4,ESE,BIRMINGHAM,34.0748,-84.3255,34.1491,-84.2588,32
547150,FULTON CO.,CRABAPPLE,10/14/2014,455,Thunderstorm Wind,55.00, ,0,0,20000,0,GA,EST-5,EG,90768,C,121,FFC,0,0,Emergency Manager, , , ,1,SSE,1,SSE,CRABAPPLE,34.073,-84.3275,34.073,-84.3275,33
547191,FULTON CO.,ROSWELL,10/14/2014,448,Tornado, ,EF0,0,0,15000,0,GA,EST-5, ,90768,C,121,FFC,0,0,NWS Storm Survey, ,0.42,100,2,SSW,2,SSW,ROSWELL,33.9935,-84.3873,33.9992,-84.385,34
547159,FULTON CO.,BOLTON,10/14/2014,438,Thunderstorm Wind,52.00, ,0,0,0,0,GA,EST-5,MG,90768,C,121,FFC,0,0,Broadcast Media, , , ,3,NNE,3,NNE,BOLTON,33.8612,-84.4514,33.8612,-84.4514,35
547176,FULTON CO.,BOLTON,10/14/2014,433,Tornado, ,EF0,0,0,40000,0,GA,EST-5, ,90768,C,121,FFC,0,0,NWS Storm Survey, ,1.07,75,2,NE,3,NNE,BOLTON,33.8427,-84.4407,33.8576,-84.4455,36
547149,FULTON CO.,RED OAK,10/14/2014,423,Thunderstorm Wind,55.00, ,0,0,12000,0,GA,EST-5,EG,90768,C,121,FFC,0,0,Emergency Manager, , , ,2,NNW,2,WSW,EAST PT,33.6428,-84.5146,33.6659,-84.4765,37
547173,FULTON CO.,EAST PT,10/14/2014,420,Tornado, ,EF0,0,0,10000,0,GA,EST-5, ,90768,C,121,FFC,0,0,NWS Storm Survey, ,2.63,75,1,W,1,NNW,FT MC PHERSON,33.6776,-84.4662,33.7143,-84.454,38
547172,FULTON CO.,BEN HILL,10/14/2014,415,Tornado, ,EF0,0,0,10000,0,GA,EST-5, ,90768,C,121,FFC,0,0,NWS Storm Survey, ,2.99,75,2,S,1,NNE,BEN HILL,33.6552,-84.5147,33.6982,-84.509,39
543871,FULTON CO.,BOLTON,09/08/2014,300,Flash Flood, , ,0,0,3000,0,GA,EST-5, ,90576,C,121,FFC,0,0,Public,Heavy Rain, , ,3,ENE,3,E,BOLTON,33.83,-84.42,33.82,-84.42,40
543552,FULTON CO.,ATLANTA,09/03/2014,1625,Thunderstorm Wind,50.00, ,0,0,2000,0,GA,EST-5,EG,90575,C,121,FFC,0,0,Emergency Manager, , , ,4,NE,4,NE,ATLANTA,33.8,-84.35,33.8,-84.35,41
543551,FULTON CO.,FT MC PHERSON,09/03/2014,1600,Thunderstorm Wind,50.00, ,0,0,1000,0,GA,EST-5,EG,90575,C,121,FFC,0,0,Emergency Manager, , , ,2,NE,2,NE,FT MC PHERSON,33.72,-84.42,33.72,-84.42,42
537969,FULTON CO.,ATLANTA,08/18/2014,1930,Lightning, , ,0,0,1000,0,GA,EST-5, ,88740,C,121,FFC,0,0,Broadcast Media, , , ,2,SSW,2,SSW,ATLANTA,33.75,-84.41,33.75,-84.41,43
535148,FULTON CO.,ATLANTA,08/09/2014,1830,Thunderstorm Wind,50.00, ,0,0,1000,0,GA,EST-5,EG,88738,C,121,FFC,0,0,Emergency Manager, , , ,2,SSE,2,SSE,ATLANTA,33.75,-84.39,33.75,-84.39,44
535131,FULTON CO.,HAPEVILLE,08/08/2014,1355,Thunderstorm Wind,60.00, ,0,0,0,0,GA,EST-5,EG,88738,C,121,FFC,0,0,Emergency Manager, , , ,1,SE,1,SE,HAPEVILLE,33.66,-84.39,33.66,-84.39,45
535129,FULTON CO.,ATLANTA,08/08/2014,1353,Thunderstorm Wind,60.00, ,0,0,5000,0,GA,EST-5,EG,88738,C,121,FFC,0,0,Emergency Manager, , , ,2,SSE,2,SSE,ATLANTA,33.75,-84.39,33.75,-84.39,46
535122,FULTON CO.,ATLANTA,08/07/2014,1850,Thunderstorm Wind,50.00, ,0,0,1000,0,GA,EST-5,EG,88738,C,121,FFC,0,0,Emergency Manager, , , ,3,SE,3,SE,ATLANTA,33.74,-84.37,33.74,-84.37,47
535121,FULTON CO.,ATLANTA,08/07/2014,1830,Thunderstorm Wind,50.00, ,0,0,2000,0,GA,EST-5,EG,88738,C,121,FFC,0,0,Emergency Manager, , , ,3,SE,3,SE,ATLANTA,33.74,-84.37,33.74,-84.37,48
530183,FULTON CO.,ATLANTA,06/21/2014,1420,Thunderstorm Wind,45.00, ,0,0,20000,0,GA,EST-5,EG,86692,C,121,FFC,0,0,Broadcast Media, , , ,3,N,3,N,ATLANTA,33.81,-84.4,33.81,-84.4,49
501783,NORTH FULTON (ZONE), ,02/11/2014,700,Winter Storm, , ,0,0,0,0,GA,EST-5, ,82039,Z,33,FFC,0,0,Emergency Manager, , , , , , , , , , , , ,50
501784,SOUTH FULTON (ZONE), ,02/11/2014,700,Winter Storm, , ,0,0,0,0,GA,EST-5, ,82039,Z,44,FFC,0,0,Emergency Manager, , , , , , , , , , , , ,51
496422,NORTH FULTON (ZONE), ,01/28/2014,1000,Winter Storm, , ,0,0,0,0,GA,EST-5, ,82038,Z,33,FFC,0,0,Emergency Manager, , , , , , , , , , , , ,52
496423,SOUTH FULTON (ZONE), ,01/28/2014,1000,Winter Storm, , ,0,0,0,0,GA,EST-5, ,82038,Z,44,FFC,0,0,Emergency Manager, , , , , , , , , , , , ,53
496334,FULTON CO.,BIRMINGHAM,01/11/2014,850,Thunderstorm Wind,55.00, ,0,0,2500,0,GA,EST-5,EG,82036,C,121,FFC,0,0,Emergency Manager, , , ,3,SSE,3,SSE,BIRMINGHAM,34.13,-84.3,34.13,-84.3,54
468702,FULTON CO.,ADAMSVILLE,07/20/2013,1635,Flash Flood, , ,0,0,3000,0,GA,EST-5, ,77573,C,121,FFC,0,0,Public,Heavy Rain, , ,3,WSW,4,NNW,BEN HILL,33.7306,-84.5528,33.7233,-84.5528,55
467994,FULTON CO.,ATLANTA,07/17/2013,1630,Thunderstorm Wind,50.00, ,0,0,200000,0,GA,EST-5,EG,77559,C,121,FFC,0,0,Public, , , ,2,SSE,2,SSE,ATLANTA,33.75,-84.39,33.75,-84.39,56
467967,FULTON CO.,FAIRBURN,07/17/2013,1542,Hail,1.75, ,0,0,3870000,0,GA,EST-5, ,77559,C,121,FFC,0,0,Public, , , ,3,WNW,3,WNW,FAIRBURN,33.58,-84.63,33.58,-84.63,57
456612,FULTON CO.,(FTY)FULTON CO ARPT,07/03/2013,1310,Flash Flood, , ,0,0,2000,0,GA,EST-5, ,75620,C,121,FFC,0,0,Public,Heavy Rain, , ,4,SW,4,N,GOODES,33.7398,-84.5652,33.5878,-84.667,58
464437,FULTON CO.,BOLTON,06/13/2013,1900,Thunderstorm Wind,50.00, ,0,0,1500,0,GA,EST-5,EG,76975,C,121,FFC,0,0,Trained Spotter, , , ,0,N,0,N,BOLTON,33.82,-84.47,33.82,-84.47,59
464432,FULTON CO.,SANDY SPGS,06/13/2013,1850,Thunderstorm Wind,50.00, ,0,0,1500,0,GA,EST-5,EG,76975,C,121,FFC,0,0,Emergency Manager, , , ,1,N,1,N,SANDY SPGS,33.93,-84.38,33.93,-84.38,60
464466,FULTON CO.,ROSWELL,06/13/2013,1841,Tornado, ,EF1,0,0,60000,0,GA,EST-5, ,76975,C,121,FFC,0,0,NWS Storm Survey, ,2.36,100,3,SSW,3,NE,SANDY SPGS,33.9723,-84.3832,33.9548,-84.3478,61
464384,FULTON CO.,ALPHARETTA,06/07/2013,1605,Thunderstorm Wind,55.00, ,0,0,5000,0,GA,EST-5,EG,75384,C,121,FFC,0,0,Broadcast Media, , , ,1,SE,1,SE,ALPHARETTA,34.06,-84.29,34.06,-84.29,62
455231,FULTON CO.,SANDY SPGS,06/05/2013,2100,Flash Flood, , ,0,0,35000,0,GA,EST-5, ,75362,C,121,FFC,0,0,Emergency Manager,Heavy Rain, , ,1,S,1,S,SANDY SPGS,33.9088,-84.3794,33.9056,-84.3794,63
455178,FULTON CO.,BEN HILL,06/05/2013,2006,Flash Flood, , ,0,0,10000,0,GA,EST-5, ,75362,C,121,FFC,0,0,Emergency Manager,Heavy Rain, , ,1,SSE,1,NW,RED OAK,33.6731,-84.5146,33.6311,-84.5146,64
464382,FULTON CO.,FT MC PHERSON,06/05/2013,1805,Thunderstorm Wind,50.00, ,0,0,20000,0,GA,EST-5,EG,75362,C,121,FFC,0,0,Broadcast Media, , , ,2,NNE,2,WSW,ATLANTA,33.73,-84.44,33.7633,-84.4258,65
451955,FULTON CO.,FAIRBURN,05/19/2013,1130,Thunderstorm Wind,50.00, ,0,0,1500,0,GA,EST-5,EG,73594,C,121,FFC,0,0,Newspaper, , , ,0,SW,3,ESE,UNION CITY,33.5666,-84.5834,33.5592,-84.5055,66
447285,FULTON CO.,ROSWELL,05/19/2013,800,Flash Flood, , ,0,0,10000,0,GA,EST-5, ,73594,C,121,FFC,0,0,Other Federal Agency,Heavy Rain, , ,2,S,3,WSW,WARSAW,33.9968,-84.3681,33.9999,-84.2488,67
437061,FULTON CO.,FIFE,03/18/2013,1655,Hail,1.00, ,0,0,0,0,GA,EST-5, ,72044,C,121,FFC,0,0,Public, , , ,0,N,0,N,FIFE,33.58,-84.55,33.58,-84.55,68
423787,NORTH FULTON (ZONE), ,01/25/2013,700,Winter Weather, , ,0,0,0,0,GA,EST-5, ,70576,Z,33,FFC,0,0,Emergency Manager, , , , , , , , , , , , ,69
403273,FULTON CO.,SANDY SPGS,08/09/2012,1515,Thunderstorm Wind,50.00, ,0,0,1500,0,GA,EST-5,EG,67247,C,121,FFC,0,0,Broadcast Media, , , ,2,NE,2,NE,SANDY SPGS,33.9429,-84.3585,33.9429,-84.3585,70
403269,FULTON CO.,ATLANTA,08/09/2012,1455,Lightning, , ,0,1,0,0,GA,EST-5, ,67247,C,121,FFC,0,0,Fire Department/Rescue, , , ,2,SSE,2,SSE,ATLANTA,33.75,-84.39,33.75,-84.39,71
397271,FULTON CO.,SANDY SPGS,07/10/2012,1720,Hail,1.00, ,0,0,0,0,GA,EST-5, ,66217,C,121,FFC,0,0,Public, , , ,2,WNW,2,WNW,SANDY SPGS,33.93,-84.41,33.93,-84.41,72
397269,FULTON CO.,SANDY SPGS,07/10/2012,1700,Hail,1.00, ,0,0,0,0,GA,EST-5, ,66217,C,121,FFC,0,0,Public, , , ,2,WNW,2,WNW,SANDY SPGS,33.93,-84.41,33.93,-84.41,73
397266,FULTON CO.,ATLANTA,07/09/2012,2200,Thunderstorm Wind,50.00, ,0,0,2000,0,GA,EST-5,EG,66214,C,121,FFC,0,0,Emergency Manager, , , ,2,SSE,2,SSE,ATLANTA,33.75,-84.39,33.75,-84.39,74
396831,FULTON CO.,LAKEWOOD HGTS,07/03/2012,1656,Thunderstorm Wind,50.00, ,0,0,1500,0,GA,EST-5,EG,66151,C,121,FFC,0,0,Emergency Manager, , , ,2,NW,2,NW,LAKEWOOD HGTS,33.7,-84.39,33.7,-84.39,75
388047,NORTH FULTON (ZONE), ,07/01/2012,0,Heat, , ,0,0,0,0,GA,EST-5, ,64804,Z,33,FFC,0,0,NWS Employee, , , , , , , , , , , , ,76
388059,SOUTH FULTON (ZONE), ,07/01/2012,0,Heat, , ,0,0,0,0,GA,EST-5, ,64804,Z,44,FFC,0,0,NWS Employee, , , , , , , , , , , , ,77
387970,NORTH FULTON (ZONE), ,06/29/2012,0,Heat, , ,0,0,0,0,GA,EST-5, ,64230,Z,33,FFC,0,0,NWS Employee, , , , , , , , , , , , ,78
387976,SOUTH FULTON (ZONE), ,06/29/2012,0,Heat, , ,0,0,0,0,GA,EST-5, ,64230,Z,44,FFC,0,0,NWS Employee, , , , , , , , , , , , ,79
376880,FULTON CO.,ATLANTA,05/21/2012,1919,Hail,0.75, ,0,0,0,0,GA,EST-5, ,62990,C,121,FFC,0,0,Public, , , ,3,NNE,1,ENE,ATLANTA,33.81,-84.39,33.7781,-84.3832,80
376878,FULTON CO.,NEWTOWN,05/21/2012,1820,Hail,1.00, ,0,0,0,0,GA,EST-5, ,62990,C,121,FFC,0,0,Public, , , ,1,SSE,2,SSW,OCEE,34.0573,-84.2439,34.0448,-84.2267,81
376876,FULTON CO.,WARSAW,05/21/2012,1617,Hail,0.88, ,0,0,0,0,GA,EST-5, ,62990,C,121,FFC,0,0,Public, , , ,2,NNE,2,NNE,WARSAW,34.05,-84.18,34.05,-84.18,82
376874,FULTON CO.,HAPEVILLE,05/20/2012,1820,Hail,1.00, ,0,0,0,0,GA,EST-5, ,62989,C,121,FFC,0,0,Broadcast Media, , , ,1,N,2,NNW,LAKEWOOD HGTS,33.69,-84.4,33.7,-84.38,83
376864,FULTON CO.,FAIRBURN,05/17/2012,1920,Hail,0.75, ,0,0,0,0,GA,EST-5, ,62986,C,121,FFC,0,0,Public, , , ,0,N,0,N,FAIRBURN,33.57,-84.58,33.57,-84.58,84
376866,FULTON CO.,ALPHARETTA,05/17/2012,1830,Lightning, , ,0,0,1000,0,GA,EST-5, ,62986,C,121,FFC,0,0,Public, , , ,1,NE,1,NE,ALPHARETTA,34.08,-84.29,34.08,-84.29,85
365191,FULTON CO.,ALPHARETTA,03/03/2012,30,Heavy Rain, , ,0,0,0,0,GA,EST-5, ,60351,C,121,FFC,0,1,Broadcast Media, , , ,1,NNE,1,NNE,ALPHARETTA,34.0829,-84.2908,34.0829,-84.2908,86
365190,FULTON CO.,ALPHARETTA,03/02/2012,2130,Thunderstorm Wind,50.00, ,0,0,3000,0,GA,EST-5,EG,60351,C,121,FFC,0,0,State Official, , , ,0,N,0,N,ALPHARETTA,34.07,-84.3,34.07,-84.3,87
360268,FULTON CO.,ATLANTA,01/21/2012,1200,Flash Flood, , ,0,0,3000,0,GA,EST-5, ,60174,C,121,FFC,0,0,Emergency Manager,Heavy Rain, , ,1,W,3,ENE,FT MC PHERSON,33.77,-84.41,33.72,-84.41,88
359333,FULTON CO.,BEN HILL,01/21/2012,1030,Hail,1.75, ,0,0,3870000,0,GA,EST-5, ,60174,C,121,FFC,0,0,Broadcast Media, , , ,3,WNW,2,NE,BEN HILL,33.7,-84.56,33.6964,-84.5003,89
349262,NORTH FULTON (ZONE), ,09/04/2011,1100,Tropical Storm, , ,0,0,0,0,GA,EST-5, ,57732,Z,33,FFC,0,0,Official NWS Observations, , , , , , , , , , , , ,90
349274,SOUTH FULTON (ZONE), ,09/04/2011,1100,Tropical Storm, , ,0,0,0,0,GA,EST-5, ,57732,Z,44,FFC,0,0,Official NWS Observations, , , , , , , , , , , , ,91
349449,SOUTH FULTON (ZONE), ,09/01/2011,0,Drought, , ,0,0,0,0,GA,EST-5, ,57165,Z,44,FFC,0,0,Other Federal Agency, , , , , , , , , , , , ,92
342219,FULTON CO.,ATLANTA,08/21/2011,1943,Hail,0.75, ,0,0,0,0,GA,EST-5, ,56995,C,121,FFC,0,0,Public, , , ,7,NNW,5,NNE,ATLANTA,33.8569,-84.4433,33.8344,-84.3669,93
333875,FULTON CO.,SANDY SPGS,07/21/2011,1734,Hail,0.75, ,0,0,0,0,GA,EST-5, ,55678,C,121,FFC,0,0,Public, , , ,1,NE,1,NW,SANDY SPGS,33.9323,-84.3652,33.9323,-84.3948,94
333874,FULTON CO.,ATLANTA,07/20/2011,1430,Heavy Rain, , ,0,0,500000,0,GA,EST-5, ,55650,C,121,FFC,0,0,Broadcast Media, , , ,1,ESE,2,SSE,ATLANTA,33.7678,-84.3898,33.7417,-84.3916,95
333246,FULTON CO.,BOLTON,07/12/2011,1440,Hail,1.00, ,0,0,0,0,GA,EST-5, ,55552,C,121,FFC,0,0,Public, , , ,3,E,3,ENE,BOLTON,33.8186,-84.416,33.8367,-84.4202,96
328056,FULTON CO.,ATLANTA,06/27/2011,1310,Lightning, , ,0,0,150000,0,GA,EST-5, ,54631,C,121,FFC,0,0,Emergency Manager, , , ,12,WSW,12,WSW,ATLANTA,33.7035,-84.593,33.7035,-84.593,97
327852,FULTON CO.,ATLANTA,06/24/2011,1725,Hail,0.75, ,0,0,0,0,GA,EST-5, ,54421,C,121,FFC,0,0,Emergency Manager, , , ,1,NNW,0,ENE,ATLANTA,33.7802,-84.405,33.773,-84.3934,98
326755,FULTON CO.,COLLEGE PARK,06/22/2011,1513,Thunderstorm Wind,51.00, ,0,0,10000,0,GA,EST-5,EG,54415,C,121,FFC,0,0,Emergency Manager, , , ,5,W,8,NNE,ATLANTA,33.65,-84.5169,33.877,-84.3467,99
326193,FULTON CO.,SANDY SPGS,06/18/2011,1708,Thunderstorm Wind,52.00, ,0,0,30000,0,GA,EST-5,EG,54264,C,121,FFC,0,0,Newspaper, , , ,0,N,0,N,FAIRBURN,33.92,-84.38,33.57,-84.58,100
326271,FULTON CO.,ROSWELL,06/18/2011,1608,Hail,0.75, ,0,0,0,0,GA,EST-5, ,54264,C,121,FFC,0,0,Broadcast Media, , , ,0,N,3,SE,ROSWELL,34.02,-84.37,33.9893,-84.333,101
322569,FULTON CO.,SANDY SPGS,06/15/2011,1827,Hail,1.00, ,0,0,0,0,GA,EST-5, ,53788,C,121,FFC,0,0,Public, , , ,5,SW,5,SSW,SANDY SPGS,33.874,-84.4355,33.8531,-84.4134,102
321719,FULTON CO.,ATLANTA,06/11/2011,1310,Hail,0.75, ,0,0,0,0,GA,EST-5, ,53682,C,121,FFC,0,0,Public, , , ,1,W,6,E,CAMPBELLTON,33.7701,-84.4145,33.65,-84.5657,103
314801,FULTON CO.,ATLANTA,05/26/2011,1717,Thunderstorm Wind,53.00, ,2,0,100000,0,GA,EST-5,EG,52237,C,121,FFC,0,0,Emergency Manager, , , ,3,N,1,SSE,SANDY SPGS,33.8134,-84.4,33.9066,-84.3733,104
314551,FULTON CO.,FAIRBURN,05/26/2011,1553,Thunderstorm Wind,39.00, ,0,0,1000,0,GA,EST-5,EG,52237,C,121,FFC,0,0,Public, , , ,2,W,3,N,FAIRBURN,33.57,-84.6147,33.6134,-84.58,105
301365,FULTON CO.,EAST PT,04/25/2011,2025,Hail,0.88, ,0,0,0,0,GA,EST-5, ,50923,C,121,FFC,0,0,Public, , , ,1,WSW,3,NNW,ATLANTA,33.6745,-84.4661,33.8101,-84.42,106
301140,FULTON CO.,SANDY SPGS,04/25/2011,1420,Hail,1.00, ,0,0,0,0,GA,EST-5, ,50923,C,121,FFC,0,0,Law Enforcement, , , ,1,N,4,N,SANDY SPGS,33.9345,-84.38,33.9779,-84.38,107
299513,FULTON CO.,PALMETTO,04/16/2011,129,Thunderstorm Wind,50.00, ,0,0,3000,0,GA,EST-5,EG,50590,C,121,FFC,0,0,County Official, , , ,1,W,1,E,PALMETTO,33.52,-84.6874,33.52,-84.6526,108
300770,FULTON CO.,NEWTOWN,04/15/2011,2122,Flash Flood, , ,0,0,5000,0,GA,EST-5, ,50590,C,121,FFC,0,0,River/Stream Gage,Heavy Rain, , ,2,NNE,2,ENE,NORTH ROSWELL,34.1,-84.24,34.04,-84.33,109
298893,FULTON CO.,SANDY SPGS,04/15/2011,1902,Hail,1.75, ,0,0,4270000,0,GA,EST-5, ,50590,C,121,FFC,0,0,Public, , , ,5,SW,2,NE,SANDY SPGS,33.8688,-84.4417,33.9435,-84.3516,110
298894,FULTON CO.,SANDY SPGS,04/15/2011,1858,Thunderstorm Wind,52.00, ,0,0,250000,0,GA,EST-5,EG,50590,C,121,FFC,0,0,Emergency Manager, , , ,5,SSW,2,NE,SANDY SPGS,33.8531,-84.4134,33.9405,-84.3553,111
296449,NORTH FULTON (ZONE), ,04/05/2011,700,Strong Wind,30.00, ,1,0,20000,0,GA,EST-5,EG,49906,Z,33,FFC,0,0,Newspaper, , , , , , , , , , , , ,112
294514,FULTON CO.,ALPHARETTA,04/04/2011,2222,Thunderstorm Wind,50.00, ,0,0,250000,0,GA,EST-5,EG,49906,C,121,FFC,0,1,Emergency Manager, , , ,0,N,0,N,PALMETTO,34.07,-84.3,33.52,-84.67,113
292998,FULTON CO.,ALPHARETTA,03/26/2011,2144,Hail,0.88, ,0,0,0,0,GA,EST-5, ,49272,C,121,FFC,0,0,Public, , , ,5,ENE,5,ESE,ALPHARETTA,34.0977,-84.2193,34.0423,-84.2193,114
285027,FULTON CO.,ROSWELL,02/28/2011,1703,Hail,1.25, ,0,0,0,0,GA,EST-5, ,48687,C,121,FFC,0,0,Trained Spotter, , , ,3,NW,13,ENE,ROSWELL,34.0507,-84.4071,34.092,-84.1602,115
285842,SOUTH FULTON (ZONE), ,02/09/2011,2100,Winter Weather, , ,0,0,0,0,GA,EST-5, ,48459,Z,44,FFC,0,0,County Official, , , , , , , , , , , , ,116
285840,NORTH FULTON (ZONE), ,02/09/2011,2000,Winter Weather, , ,0,0,0,0,GA,EST-5, ,48459,Z,33,FFC,0,0,County Official, , , , , , , , , , , , ,117
280334,NORTH FULTON (ZONE), ,01/09/2011,1900,Heavy Snow, , ,0,0,0,0,GA,EST-5, ,47982,Z,33,FFC,0,0,County Official, , , , , , , , , , , , ,118
280335,SOUTH FULTON (ZONE), ,01/09/2011,1700,Heavy Snow, , ,0,0,0,0,GA,EST-5, ,47982,Z,44,FFC,0,0,County Official, , , , , , , , , , , , ,119
275136,SOUTH FULTON (ZONE), ,12/25/2010,1530,Winter Weather, , ,0,0,0,0,GA,EST-5, ,47070,Z,44,FFC,0,0,County Official, , , , , , , , , , , , ,120
275135,NORTH FULTON (ZONE), ,12/25/2010,1400,Heavy Snow, , ,0,0,0,0,GA,EST-5, ,47070,Z,33,FFC,0,0,County Official, , , , , , , , , , , , ,121
273909,NORTH FULTON (ZONE), ,12/15/2010,1700,Winter Weather, , ,0,0,0,0,GA,EST-5, ,47022,Z,33,FFC,0,0,County Official, , , , , , , , , , , , ,122
264263,FULTON CO.,ALPHARETTA,10/25/2010,620,Lightning, , ,0,0,75000,0,GA,EST-5, ,45510,C,121,FFC,0,0,County Official, , , ,0,N,0,N,UNION CITY,34.07,-84.3,33.57,-84.55,123
260402,FULTON CO.,SANDY SPGS,09/27/2010,1657,Hail,1.75, ,0,0,0,0,GA,EST-5, ,44933,C,121,FFC,0,0,Public, , , ,2,WSW,2,ENE,SANDY SPGS,33.9089,-84.4122,33.9311,-84.3478,124
260540,FULTON CO.,ATLANTA,09/27/2010,1656,Thunderstorm Wind,30.00, ,0,0,25000,0,GA,EST-5,EG,44933,C,121,FFC,0,0,Law Enforcement, , , ,1,NE,1,NE,ATLANTA,33.7768,-84.3921,33.7768,-84.3921,125
251181,FULTON CO.,ALPHARETTA,07/26/2010,1600,Hail,1.50, ,0,0,0,0,GA,EST-5, ,43050,C,121,FFC,0,0,Public, , , ,7,ESE,3,E,ALPHARETTA,34.0312,-84.187,34.07,-84.2563,126
246789,FULTON CO.,WARSAW,06/22/2010,1941,Thunderstorm Wind,39.00, ,0,0,1000,0,GA,EST-5,EG,41765,C,121,FFC,0,0,Public, , , ,5,WSW,2,WNW,CRABAPPLE,33.9845,-84.2744,34.09,-84.37,127
246815,FULTON CO.,BIRMINGHAM,06/16/2010,1855,Lightning, , ,0,0,250000,0,GA,EST-5, ,41413,C,121,FFC,0,0,Newspaper, , , ,3,SSE,3,SSE,BIRMINGHAM,34.1322,-84.3007,34.1322,-84.3007,128
246814,FULTON CO.,BIRMINGHAM,06/16/2010,1851,Lightning, , ,0,0,2000000,0,GA,EST-5, ,41413,C,121,FFC,0,0,Newspaper, , , ,1,SW,1,SW,BIRMINGHAM,34.1598,-84.3477,34.1598,-84.3477,129
241213,FULTON CO.,ALPHARETTA,06/15/2010,1811,Lightning, , ,0,0,50000,0,GA,EST-5, ,41200,C,121,FFC,0,0,County Official, , , ,0,N,3,SSE,BIRMINGHAM,34.07,-84.3,34.1299,-84.3099,130
234938,FULTON CO.,ATLANTA,05/28/2010,1710,Hail,1.00, ,0,0,0,0,GA,EST-5, ,40346,C,121,FFC,0,0,Amateur Radio, , , ,5,NNE,3,SSW,SANDY SPGS,33.8412,-84.3791,33.8731,-84.3989,131
229690,FULTON CO.,MOUNTAIN PARK,05/14/2010,2049,Thunderstorm Wind,50.00, ,0,0,4000,0,GA,EST-5,EG,39527,C,121,FFC,0,0,Broadcast Media, , , ,1,SSW,0,ESE,MOUNTAIN PARK,34.0666,-84.4267,34.0789,-84.4165,132
227441,FULTON CO.,ROSWELL,05/03/2010,555,Flash Flood, , ,0,0,500000,0,GA,EST-5, ,39157,C,121,FFC,0,0,River/Stream Gage,Heavy Rain, , ,3,SSW,2,NNE,BOLTON,33.98,-84.38,33.85,-84.45,133
225765,FULTON CO.,ATLANTA,04/27/2010,1615,Hail,0.75, ,0,0,0,0,GA,EST-5, ,38883,C,121,FFC,0,0,Public, , , ,4,WNW,3,ENE,ATLANTA,33.7916,-84.4627,33.7844,-84.3582,134
219620,NORTH FULTON (ZONE), ,03/02/2010,500,Winter Weather, , ,0,0,0,0,GA,EST-5, ,37705,Z,33,FFC,0,0,County Official, , , , , , , , , , , , ,135
218188,FULTON CO.,OCEE,02/22/2010,349,Lightning, , ,0,0,50000,0,GA,EST-5, ,37493,C,121,FFC,0,0,Newspaper, , , ,1,ESE,1,ESE,OCEE,34.0645,-84.1998,34.0645,-84.1998,136
216856,NORTH FULTON (ZONE), ,02/12/2010,1400,Heavy Snow, , ,0,0,0,0,GA,EST-5, ,37246,Z,33,FFC,0,0,County Official, , , , , , , , , , , , ,137
216825,SOUTH FULTON (ZONE), ,02/12/2010,1330,Heavy Snow, , ,0,0,0,0,GA,EST-5, ,37246,Z,44,FFC,0,0,County Official, , , , , , , , , , , , ,138
212743,FULTON CO.,ATLANTA,01/24/2010,1826,Flash Flood, , ,0,0,3000,0,GA,EST-5, ,36649,C,121,FFC,0,0,River/Stream Gage,Heavy Rain, , ,6,NNE,4,NNE,ATLANTA,33.84,-84.35,33.83,-84.37,139
211819,NORTH FULTON (ZONE), ,01/07/2010,1500,Winter Weather, , ,0,0,0,0,GA,EST-5, ,36487,Z,33,FFC,0,0,County Official, , , , , , , , , , , , ,140
211820,SOUTH FULTON (ZONE), ,01/07/2010,1500,Winter Weather, , ,0,0,0,0,GA,EST-5, ,36487,Z,44,FFC,0,0,County Official, , , , , , , , , , , , ,141
204061,NORTH FULTON (ZONE), ,11/10/2009,500,Tropical Storm, , ,0,0,0,0,GA,EST-5, ,35299,Z,33,FFC,0,0,Official NWS Observations, , , , , , , , , , , , ,142
204073,SOUTH FULTON (ZONE), ,11/10/2009,500,Tropical Storm, , ,0,0,0,0,GA,EST-5, ,35299,Z,44,FFC,0,0,Official NWS Observations, , , , , , , , , , , , ,143
203994,FULTON CO.,BOLTON,10/12/2009,1335,Flood, , ,0,0,3000,0,GA,EST-5, ,35286,C,121,FFC,0,0,River/Stream Gage,Heavy Rain, , ,4,NNE,0,N,BOLTON,33.87,-84.45,33.82,-84.47,144
203957,FULTON CO.,BOLTON,10/12/2009,1048,Flash Flood, , ,0,0,5000,0,GA,EST-5, ,35286,C,121,FFC,0,0,River/Stream Gage,Heavy Rain, , ,4,NNE,0,N,BOLTON,33.87,-84.45,33.82,-84.47,145
203956,FULTON CO.,OCEE,10/12/2009,925,Flash Flood, , ,0,0,3000,0,GA,EST-5, ,35286,C,121,FFC,0,0,River/Stream Gage,Heavy Rain, , ,3,ENE,4,NE,OCEE,34.09,-84.18,34.11,-84.16,146
200740,FULTON CO.,ATLANTA,09/26/2009,2009,Flash Flood, , ,0,0,1000,0,GA,EST-5, ,33987,C,121,FFC,0,0,River/Stream Gage,Heavy Rain, , ,4,NNE,3,NNE,ATLANTA,33.82,-84.38,33.81,-84.38,147
200833,FULTON CO.,RICO,09/21/2009,807,Flood, , ,0,0,21750000,0,GA,EST-5, ,34450,C,121,FFC,0,0,Emergency Manager,Heavy Rain, , ,4,WSW,3,NNE,LAKEWOOD HGTS,33.55,-84.83,33.72,-84.34,148
200750,FULTON CO.,RICO,09/21/2009,507,Flood, , ,0,0,48000000,0,GA,EST-5, ,34450,C,121,FFC,0,0,River/Stream Gage,Heavy Rain, , ,4,WSW,3,NNE,LAKEWOOD HGTS,33.55,-84.83,33.72,-84.34,149
200710,FULTON CO.,SANDY SPGS,09/21/2009,253,Flash Flood, , ,0,0,4500000,0,GA,EST-5, ,34450,C,121,FFC,0,0,River/Stream Gage,Heavy Rain, , ,4,NE,4,ENE,ATLANTA,33.96,-84.34,33.8,-84.34,150
200282,FULTON CO.,ATLANTA,09/19/2009,1532,Flood, , ,0,0,50000,0,GA,EST-5, ,34451,C,121,FFC,0,0,Emergency Manager,Heavy Rain, , ,2,SSW,2,NW,RED OAK,33.74,-84.42,33.64,-84.52,151
199386,FULTON CO.,ATLANTA,09/19/2009,1235,Flash Flood, , ,0,0,75000,0,GA,EST-5, ,34451,C,121,FFC,0,0,River/Stream Gage,Heavy Rain, , ,2,SSW,2,NW,RED OAK,33.74,-84.42,33.64,-84.52,152
199113,FULTON CO.,OCEE,09/17/2009,1530,Flash Flood, , ,0,0,1000,0,GA,EST-5, ,33909,C,121,FFC,0,0,River/Stream Gage,Heavy Rain, , ,2,N,2,NNW,OCEE,34.1,-84.22,34.1,-84.23,153
198611,FULTON CO.,ATLANTA,09/16/2009,1915,Flash Flood, , ,0,0,1000,0,GA,EST-5, ,33909,C,121,FFC,0,0,River/Stream Gage,Heavy Rain, , ,6,NNE,4,NNE,ATLANTA,33.84,-84.35,33.82,-84.38,154
194858,FULTON CO.,OCEE,08/28/2009,1015,Flash Flood, , ,0,0,1000,0,GA,EST-5, ,33341,C,121,FFC,0,0,River/Stream Gage,Heavy Rain, , ,2,NNE,2,NNE,NEWTOWN,34.09,-84.21,34.1,-84.24,155
194857,FULTON CO.,ATLANTA,08/28/2009,830,Flash Flood, , ,0,0,1000,0,GA,EST-5, ,33341,C,121,FFC,0,0,River/Stream Gage,Heavy Rain, , ,6,NNE,4,NNE,ATLANTA,33.84,-84.35,33.82,-84.37,156
194861,FULTON CO.,WARSAW,08/28/2009,800,Lightning, , ,0,0,25000,0,GA,EST-5, ,33341,C,121,FFC,0,0,Newspaper, , , ,2,S,2,NNE,WARSAW,33.9844,-84.2061,34.0459,-84.1924,157
194089,FULTON CO.,COLLEGE PARK,08/26/2009,2043,Thunderstorm Wind,35.00, ,0,0,500,0,GA,EST-5,EG,33340,C,121,FFC,0,0,County Official, , , ,0,N,0,N,COLLEGE PARK,33.65,-84.43,33.65,-84.43,158
190092,FULTON CO.,LAKEWOOD HGTS,07/17/2009,1500,Thunderstorm Wind,30.00, ,0,0,15000,0,GA,EST-5,EG,32468,C,121,FFC,0,0,Emergency Manager, , , ,1,NE,1,NE,LAKEWOOD HGTS,33.6925,-84.3544,33.6925,-84.3544,159
188992,FULTON CO.,ATLANTA,07/12/2009,1945,Flash Flood, , ,0,0,30000,0,GA,EST-5, ,32263,C,121,FFC,0,0,River/Stream Gage,Heavy Rain, , ,4,ENE,5,NE,ATLANTA,33.78,-84.34,33.82,-84.34,160
190745,FULTON CO.,WARSAW,07/07/2009,1236,Lightning, , ,0,0,5000,0,GA,EST-5, ,32625,C,121,FFC,0,0,Newspaper, , , ,1,N,1,N,WARSAW,34.0289,-84.1986,34.0289,-84.1986,161
180068,FULTON CO.,ATLANTA,06/12/2009,1440,Thunderstorm Wind,50.00, ,0,0,25000,0,GA,EST-5,EG,30635,C,121,FFC,0,0,Emergency Manager, , , ,7,W,1,NW,EAST PT,33.77,-84.5219,33.6902,-84.4623,162
179447,FULTON CO.,ATLANTA,06/11/2009,1440,Hail,0.88, ,0,0,0,0,GA,EST-5, ,30635,C,121,FFC,0,0,Amateur Radio, , , ,7,W,5,ESE,ATLANTA,33.77,-84.5219,33.7451,-84.3276,163
182839,FULTON CO.,HAPEVILLE,06/04/2009,1845,Flood, , ,0,0,20000,0,GA,EST-5, ,31163,C,121,FFC,0,0,Emergency Manager,Heavy Rain, , ,2,NNW,2,NNW,HAPEVILLE,33.6959,-84.4104,33.6954,-84.4104,164
171514,FULTON CO.,ATLANTA,05/06/2009,1338,Thunderstorm Wind,50.00, ,0,0,100000,0,GA,EST-5,EG,29230,C,121,FFC,0,0,Emergency Manager, , , ,6,WSW,2,NE,ATLANTA,33.7368,-84.4965,33.7905,-84.3754,165
170692,FULTON CO.,PALMETTO,05/03/2009,1722,Thunderstorm Wind,50.00, ,0,0,250000,0,GA,EST-5,EG,29092,C,121,FFC,0,0,Emergency Manager, , , ,0,NNW,4,E,ATLANTA,33.52,-84.67,33.77,-84.3304,166
170401,FULTON CO.,ATLANTA,05/02/2009,1506,Thunderstorm Wind,35.00, ,0,0,35000,0,GA,EST-5,EG,29034,C,121,FFC,0,0,Broadcast Media, , , ,2,ENE,2,ENE,ATLANTA,33.7809,-84.3601,33.7809,-84.3601,167
168147,FULTON CO.,ATLANTA,04/23/2009,2010,Hail,1.75, ,0,0,2000000,0,GA,EST-5, ,28456,C,121,FFC,0,0,Emergency Manager, , , ,4,N,3,SE,ATLANTA,33.8279,-84.4,33.7393,-84.3631,168
167819,FULTON CO.,ROSWELL,04/23/2009,1923,Hail,1.00, ,0,0,0,0,GA,EST-5, ,28456,C,121,FFC,0,0,Public, , , ,3,WNW,4,S,ROSWELL,34.0366,-84.4184,33.9621,-84.37,169
168093,FULTON CO.,(ATL)ATLANTA INTL AR,04/23/2009,1900,Lightning, , ,0,0,5000,0,GA,EST-5, ,28456,C,121,FFC,0,0,Other Federal Agency, , , ,0,N,0,N,(ATL)ATLANTA INTL AR,33.65,-84.43,33.65,-84.43,170
167814,FULTON CO.,FAIRBURN,04/23/2009,1824,Hail,1.00, ,0,0,0,0,GA,EST-5, ,28456,C,121,FFC,0,0,Public, , , ,9,NNW,0,NNW,COLLEGE PARK,33.6837,-84.6365,33.65,-84.43,171
167812,FULTON CO.,ATLANTA,04/23/2009,1818,Hail,1.00, ,0,0,0,0,GA,EST-5, ,28456,C,121,FFC,0,0,Public, , , ,4,NW,3,NW,ATLANTA,33.8109,-84.4493,33.8007,-84.4369,172
166827,NORTH FULTON (ZONE), ,04/13/2009,730,High Wind,50.00, ,1,0,250000,0,GA,EST-5,EG,28356,Z,33,FFC,0,0,Emergency Manager, , , , , , , , , , , , ,173
163226,FULTON CO.,ATLANTA,04/10/2009,1956,Hail,0.75, ,0,0,0,0,GA,EST-5, ,27591,C,121,FFC,0,0,Public, , , ,7,W,5,W,ATLANTA,33.77,-84.5132,33.77,-84.4784,174
163107,FULTON CO.,ATLANTA,04/10/2009,1942,Hail,0.88, ,0,0,0,0,GA,EST-5, ,27591,C,121,FFC,0,0,Trained Spotter, , , ,3,E,5,SE,ATLANTA,33.77,-84.3478,33.7188,-84.3385,175
163088,FULTON CO.,SANDY SPGS,04/10/2009,1910,Hail,0.75, ,0,0,0,0,GA,EST-5, ,27591,C,121,FFC,0,0,Amateur Radio, , , ,4,N,5,SE,ROSWELL,33.9779,-84.38,33.9688,-84.3083,176
162514,FULTON CO.,ROSWELL,04/10/2009,1819,Hail,1.75, ,0,0,600000,0,GA,EST-5, ,27591,C,121,FFC,0,0,Emergency Manager, , , ,5,NNW,4,E,ALPHARETTA,34.0869,-84.4034,34.07,-84.2301,177
162677,FULTON CO.,CRABAPPLE,04/10/2009,1815,Thunderstorm Wind,52.00, ,0,0,30000,0,GA,EST-5,EG,27591,C,121,FFC,0,0,Emergency Manager, , , ,0,N,1,WNW,ALPHARETTA,34.08,-84.33,34.0755,-84.3161,178
156867,SOUTH FULTON (ZONE), ,03/01/2009,1200,Heavy Snow, , ,0,0,2000,0,GA,EST-5, ,26741,Z,44,FFC,0,0,Public, , , , , , , , , , , , ,179
156850,NORTH FULTON (ZONE), ,03/01/2009,1100,Winter Weather, , ,0,0,0,0,GA,EST-5, ,26741,Z,33,FFC,0,0,County Official, , , , , , , , , , , , ,180
156851,SOUTH FULTON (ZONE), ,03/01/2009,1100,Winter Weather, , ,0,0,0,0,GA,EST-5, ,26741,Z,44,FFC,0,0,County Official, , , , , , , , , , , , ,181
152862,FULTON CO.,PALMETTO,02/18/2009,1750,Hail,1.75, ,0,0,700000,0,GA,EST-5, ,25940,C,121,FFC,0,0,Emergency Manager, , , ,8,W,4,E,PALMETTO,33.52,-84.8089,33.52,-84.6006,182
154589,FULTON CO.,FAIRBURN,02/18/2009,1712,Thunderstorm Wind,39.00, ,0,0,2000,0,GA,EST-5,EG,25940,C,121,FFC,0,0,Emergency Manager, , , ,0,N,0,N,COLLEGE PARK,33.57,-84.58,33.65,-84.43,183
151477,FULTON CO.,OCEE,02/18/2009,1707,Thunderstorm Wind,50.00, ,0,0,2000,0,GA,EST-5,EG,25940,C,121,FFC,0,0,Emergency Manager, , , ,11,NE,11,NE,OCEE,34.17,-84.08,34.17,-84.08,184
149194,NORTH FULTON (ZONE), ,01/07/2009,1050,Strong Wind,33.00, ,0,0,2000,0,GA,EST-5,EG,25545,Z,33,FFC,0,0,Emergency Manager, , , , , , , , , , , , ,185
132903,FULTON CO.,BEN HILL,08/26/2008,713,Thunderstorm Wind,50.00, ,0,0,2000,0,GA,EST-5,EG,22615,C,121,FFC,0,0,Emergency Manager, , , ,1,N,3,SSW,SANDY SPGS,33.6935,-84.5188,33.8773,-84.4122,186
132270,NORTH FULTON (ZONE), ,08/21/2008,1200,Tropical Storm, , ,0,0,0,0,GA,EST-5, ,22522,Z,33,FFC,0,0,Official NWS Observations, , , , , , , , , , , , ,187
132282,SOUTH FULTON (ZONE), ,08/21/2008,1200,Tropical Storm, , ,0,0,0,0,GA,EST-5, ,22522,Z,44,FFC,0,0,Official NWS Observations, , , , , , , , , , , , ,188
131359,FULTON CO.,ATLANTA,08/07/2008,1405,Thunderstorm Wind,50.00, ,0,0,50000,0,GA,EST-5,EG,22348,C,121,FFC,0,0,Emergency Manager, , , ,1,S,5,SE,ATLANTA,33.7555,-84.4,33.7188,-84.3385,189
130991,FULTON CO.,ATLANTA,08/02/2008,1820,Thunderstorm Wind,62.00, ,0,0,0,0,GA,EST-5,MG,22233,C,121,FFC,0,0,Amateur Radio, , , ,2,NW,0,NW,ATLANTA HARTSFIELD I,33.7905,-84.4246,33.65,-84.43,190
130990,FULTON CO.,SANDY SPGS,08/02/2008,1819,Hail,0.88, ,0,0,0,0,GA,EST-5, ,22233,C,121,FFC,0,0,Public, , , ,0,N,3,NW,ATLANTA,33.92,-84.38,33.8007,-84.4369,191
128951,FULTON CO.,RICO,07/31/2008,2124,Flash Flood, , ,0,0,1000,0,GA,EST-5, ,21817,C,121,FFC,0,0,NWS Storm Survey,Heavy Rain, , ,2,NE,2,NE,RICO,33.6007,-84.7442,33.6005,-84.7397,192
128959,FULTON CO.,CAMPBELLTON,07/31/2008,2045,Flood, , ,0,0,0,0,GA,EST-5, ,21817,C,121,FFC,0,0,Broadcast Media,Heavy Rain, , ,0,SSW,3,SSW,RICO,33.6445,-84.673,33.546,-84.7877,193
128911,FULTON CO.,UNION CITY,07/31/2008,1840,Lightning, , ,0,0,500,0,GA,EST-5, ,21817,C,121,FFC,0,0,Law Enforcement, , , ,0,N,0,N,UNION CITY,33.57,-84.55,33.57,-84.55,194
127389,FULTON CO.,EAST PT,07/22/2008,1730,Thunderstorm Wind,50.00, ,0,0,3000,0,GA,EST-5,EG,21524,C,121,FFC,0,0,County Official, , , ,4,W,3,W,EAST PT,33.68,-84.5196,33.68,-84.5022,195
114413,FULTON CO.,SANDY SPGS,06/11/2008,1615,Thunderstorm Wind,37.00, ,0,0,2000,0,GA,EST-5,EG,19090,C,121,FFC,0,0,Emergency Manager, , , ,1,S,1,N,SANDY SPGS,33.9055,-84.38,33.9345,-84.38,196
114341,FULTON CO.,PALMETTO,06/11/2008,1600,Thunderstorm Wind,56.00, ,0,0,20000,0,GA,EST-5,EG,19090,C,121,FFC,0,0,Emergency Manager, , , ,1,W,4,WNW,PALMETTO,33.52,-84.6874,33.5422,-84.7342,197
106815,FULTON CO.,ROSWELL,05/20/2008,1838,Hail,1.00, ,0,0,0,0,GA,EST-5, ,18050,C,121,FFC,0,0,Emergency Manager, , , ,6,NW,6,SE,ALPHARETTA,34.0814,-84.4441,34.0086,-84.2259,198
109082,FULTON CO.,ALPHARETTA,05/20/2008,1743,Lightning, , ,0,0,50000,0,GA,EST-5, ,18050,C,121,FFC,0,0,Newspaper, , , ,0,N,0,N,ALPHARETTA,34.07,-84.3,34.07,-84.3,199
105756,FULTON CO.,MOUNTAIN PARK,05/20/2008,1740,Thunderstorm Wind,52.00, ,0,0,15000,0,GA,EST-5,EG,18050,C,121,FFC,0,0,Fire Department/Rescue, , , ,0,N,2,N,ROSWELL,34.08,-84.42,34.049,-84.37,200
100646,FULTON CO.,FAIRBURN,05/11/2008,341,Thunderstorm Wind,52.00, ,0,0,150000,0,GA,EST-5,EG,17100,C,121,FFC,0,0,NWS Storm Survey, , , ,9,NW,5,E,UNION CITY,33.657,-84.6845,33.57,-84.4632,201
100265,FULTON CO.,FAIRBURN,05/11/2008,105,Hail,1.75, ,0,0,2000000,0,GA,EST-5, ,17100,C,121,FFC,0,0,Law Enforcement, , , ,0,N,0,N,COLLEGE PARK,33.57,-84.58,33.65,-84.43,202
89766,FULTON CO.,UNION CITY,03/15/2008,1551,Hail,1.00, ,0,0,0,0,GA,EST-5, ,15271,C,121,FFC,0,0,Amateur Radio, , , ,0,E,4,E,UNION CITY,33.57,-84.55,33.57,-84.4805,203
88020,FULTON CO.,HAPEVILLE,03/15/2008,1537,Hail,1.75, ,0,0,1500000,0,GA,EST-5, ,15271,C,121,FFC,0,0,Public, , , ,0,N,4,SW,COLLEGE PARK,33.67,-84.4,33.6091,-84.4792,204
88023,FULTON CO.,ATLANTA,03/15/2008,1515,Hail,0.75, ,0,0,0,0,GA,EST-5, ,15271,C,121,FFC,0,0,NWS Employee, , , ,3,SSE,4,SE,ATLANTA,33.7299,-84.38,33.7291,-84.3508,205
87958,FULTON CO.,ADAMSVILLE,03/15/2008,1445,Hail,2.75, ,0,0,5000000,0,GA,EST-5, ,15271,C,121,FFC,0,0,Emergency Manager, , , ,6,SW,4,SE,ATLANTA,33.6886,-84.5738,33.7291,-84.3508,206
86849,FULTON CO.,PALMETTO,03/15/2008,445,Hail,0.75, ,0,0,0,0,GA,EST-5, ,15271,C,121,FFC,0,0,Public, , , ,7,W,3,E,PALMETTO,33.52,-84.7915,33.52,-84.6179,207
86700,FULTON CO.,EAST PT,03/14/2008,2154,Hail,0.88, ,0,0,0,0,GA,EST-5, ,15156,C,121,FFC,0,0,Public, , , ,2,W,5,SSW,COLLEGE PARK,33.68,-84.4848,33.5831,-84.4633,208
86513,FULTON CO.,ATLANTA,03/14/2008,2038,Tornado, ,EF2,1,30,25000000,0,GA,EST-5, ,15156,C,121,FFC,0,0,NWS Storm Survey, ,4.92,200,2,WSW,4,SE,ATLANTA,33.765,-84.43,33.7413,-84.3493,209
82880,FULTON CO.,SANDY SPGS,03/04/2008,1429,Thunderstorm Wind,33.00, ,0,0,2000,0,GA,EST-5,EG,14640,C,121,FFC,0,0,Emergency Manager, , , ,4,SSW,3,NW,ATLANTA,33.8748,-84.4143,33.8007,-84.4369,210
80759,FULTON CO.,ROSWELL,02/26/2008,630,Thunderstorm Wind,78.00, ,0,2,2000000,0,GA,EST-5,EG,14320,C,121,FFC,0,0,Emergency Manager, , , ,0,N,0,N,FAIRBURN,34.02,-84.37,33.57,-84.58,211
79363,FULTON CO.,PALMETTO,02/17/2008,1630,Thunderstorm Wind,50.00, ,0,0,3000,0,GA,EST-5,EG,14102,C,121,FFC,0,0,County Official, , , ,0,N,2,W,COLLEGE PARK,33.52,-84.67,33.65,-84.4648,212
76879,NORTH FULTON (ZONE), ,01/30/2008,30,High Wind,54.00, ,0,0,0,0,GA,EST-5,EG,13685,Z,33,FFC,0,0,Public, , , , , , , , , , , , ,213
74975,NORTH FULTON (ZONE), ,01/19/2008,1200,Winter Weather, , ,0,0,0,0,GA,EST-5, ,13450,Z,33,FFC,0,0,County Official, , , , , , , , , , , , ,214
74978,SOUTH FULTON (ZONE), ,01/19/2008,1200,Winter Weather, , ,0,0,0,0,GA,EST-5, ,13450,Z,44,FFC,0,0,Official NWS Observations, , , , , , , , , , , , ,215
73440,NORTH FULTON (ZONE), ,01/16/2008,2000,Winter Weather, , ,0,0,0,0,GA,EST-5, ,13227,Z,33,FFC,0,0,County Official, , , , , , , , , , , , ,216
68139,NORTH FULTON (ZONE), ,12/01/2007,0,Drought, , ,0,0,0,0,GA,EST-5, ,12442,Z,33,FFC,0,0,Official NWS Observations, , , , , , , , , , , , ,217
68151,SOUTH FULTON (ZONE), ,12/01/2007,0,Drought, , ,0,0,0,0,GA,EST-5, ,12442,Z,44,FFC,0,0,Official NWS Observations, , , , , , , , , , , , ,218
66972,NORTH FULTON (ZONE), ,11/01/2007,0,Drought, , ,0,0,0,0,GA,EST-5, ,12204,Z,33,FFC,0,0,Official NWS Observations, , , , , , , , , , , , ,219
66984,SOUTH FULTON (ZONE), ,11/01/2007,0,Drought, , ,0,0,0,0,GA,EST-5, ,12204,Z,44,FFC,0,0,Official NWS Observations, , , , , , , , , , , , ,220
62721,NORTH FULTON (ZONE), ,10/01/2007,0,Drought, , ,0,0,0,0,GA,EST-5, ,11392,Z,33,FFC,0,0,Official NWS Observations, , , , , , , , , , , , ,221
62733,SOUTH FULTON (ZONE), ,10/01/2007,0,Drought, , ,0,0,0,0,GA,EST-5, ,11392,Z,44,FFC,0,0,Official NWS Observations, , , , , , , , , , , , ,222
61463,NORTH FULTON (ZONE), ,09/14/2007,0,Hurricane, , ,0,0,0,0,GA,EST-5, ,11188,Z,33,FFC,0,0,Official NWS Observations, , , , , , , , , , , , ,223
61469,SOUTH FULTON (ZONE), ,09/14/2007,0,Hurricane, , ,0,0,0,0,GA,EST-5, ,11188,Z,44,FFC,0,0,Official NWS Observations, , , , , , , , , , , , ,224
60048,FULTON CO.,FAIRBURN,09/13/2007,1350,Lightning, , ,0,0,1000,0,GA,EST-5, ,10818,C,121,FFC,0,0,Department of Highways, , , ,1,S,1,S,FAIRBURN,33.5555,-84.58,33.5555,-84.58,225
66875,NORTH FULTON (ZONE), ,09/01/2007,0,Drought, , ,0,0,0,0,GA,EST-5, ,11187,Z,33,FFC,0,0,Other Federal Agency, , , , , , , , , , , , ,226
66887,SOUTH FULTON (ZONE), ,09/01/2007,0,Drought, , ,0,0,0,0,GA,EST-5, ,11187,Z,44,FFC,0,0,Other Federal Agency, , , , , , , , , , , , ,227
58432,FULTON CO.,ATLANTA,08/26/2007,1420,Thunderstorm Wind,46.00, ,0,0,50000,0,GA,EST-5,MG,10515,C,121,FFC,0,0,Emergency Manager, , , ,3,WSW,0,WSW,(ATL)ATLANTA INTL AR,33.7534,-84.4482,33.65,-84.43,228
58423,FULTON CO.,ALPHARETTA,08/26/2007,1420,Lightning, , ,0,0,100000,0,GA,EST-5, ,10515,C,121,FFC,0,0,Fire Department/Rescue, , , ,0,N,0,N,ALPHARETTA,34.07,-84.3,34.07,-84.3,229
58411,FULTON CO.,ALPHARETTA,08/26/2007,1400,Lightning, , ,1,0,0,0,GA,EST-5, ,10515,C,121,FFC,0,0,Fire Department/Rescue, , , ,0,N,0,N,ALPHARETTA,34.07,-84.3,34.07,-84.3,230
57745,FULTON CO.,SANDY SPGS,08/24/2007,1725,Thunderstorm Wind,51.00, ,0,0,10000,0,GA,EST-5,EG,10352,C,121,FFC,0,0,Emergency Manager, , , ,0,N,0,N,EAST PT,33.92,-84.38,33.68,-84.45,231
57397,FULTON CO.,COLLEGE PARK,08/23/2007,1846,Lightning, , ,0,0,50000,0,GA,EST-5, ,10164,C,121,FFC,0,0,County Official, , , ,0,N,0,N,COLLEGE PARK,33.65,-84.43,33.65,-84.43,232
55271,FULTON CO.,ROSWELL,08/17/2007,1630,Thunderstorm Wind,50.00, ,0,0,5000,0,GA,EST-5,EG,9921,C,121,FFC,0,0,County Official, , , ,2,SW,0,N,SANDY SPGS,33.9996,-84.3947,33.92,-84.38,233
58553,NORTH FULTON (ZONE), ,08/01/2007,0,Excessive Heat, , ,1,0,0,0,GA,EST-5, ,10531,Z,33,FFC,0,0,Newspaper, , , , , , , , , , , , ,234
58565,SOUTH FULTON (ZONE), ,08/01/2007,0,Excessive Heat, , ,0,0,0,0,GA,EST-5, ,10531,Z,44,FFC,0,0,Official NWS Observations, , , , , , , , , , , , ,235
53301,FULTON CO.,SANDY SPGS,07/19/2007,1400,Lightning, , ,0,1,0,0,GA,EST-5, ,8594,C,121,FFC,0,0,Newspaper, , , ,0,N,0,N,SANDY SPGS,33.92,-84.38,33.92,-84.38,236
42028,FULTON CO.,ATLANTA,06/19/2007,1515,Thunderstorm Wind,50.00, ,0,1,25000,0,GA,EST-5,EG,7317,C,121,FFC,0,0,Emergency Manager, , , ,5,SW,4,NW,ATLANTA,33.7189,-84.4615,33.8109,-84.4492,237
41635,FULTON CO.,COLLEGE PARK,06/12/2007,1956,Thunderstorm Wind,36.00, ,0,0,2000,0,GA,EST-5,EG,6839,C,121,FFC,0,0,County Official, , , ,2,W,0,N,FAIRBURN,33.65,-84.4647,33.57,-84.58,238
41636,FULTON CO.,ALPHARETTA,06/12/2007,1905,Lightning, , ,0,0,10000,0,GA,EST-5, ,6839,C,121,FFC,0,0,County Official, , , ,0,N,0,N,ROSWELL,34.07,-84.3,34.02,-84.37,239
46300,FULTON CO.,ALPHARETTA,06/12/2007,1857,Hail,0.75, ,0,0,0,0,GA,EST-5, ,6839,C,121,FFC,0,0,Public, , , ,0,N,0,N,ALPHARETTA,34.07,-84.3,34.07,-84.3,240
41578,FULTON CO.,ALPHARETTA,06/12/2007,1850,Thunderstorm Wind,50.00, ,0,0,10000,0,GA,EST-5,EG,6839,C,121,FFC,0,0,Emergency Manager, , , ,0,N,3,SW,ATLANTA,34.07,-84.3,33.7393,-84.4369,241
41571,FULTON CO.,COLLEGE PARK,06/12/2007,1850,Hail,1.25, ,0,0,0,0,GA,EST-5, ,6839,C,121,FFC,0,0,Public, , , ,2,S,2,S,COLLEGE PARK,33.6211,-84.43,33.6211,-84.43,242
39121,FULTON CO.,SANDY SPGS,06/05/2007,1517,Thunderstorm Wind,39.00, ,0,0,3000,0,GA,EST-5,EG,6558,C,121,FFC,0,0,County Official, , , ,0,N,0,N,SANDY SPGS,33.92,-84.38,33.92,-84.38,243
39238,FULTON CO.,ALPHARETTA,06/05/2007,1404,Hail,0.75, ,0,0,0,0,GA,EST-5, ,6558,C,121,FFC,0,0,Public, , , ,0,N,0,N,ALPHARETTA,34.07,-84.3,34.07,-84.3,244
36541,NORTH FULTON (ZONE), ,05/01/2007,0,Drought, , ,0,0,0,0,GA,EST-5, ,6246,Z,33,FFC,0,0,Official NWS Observations, , , , , , , , , , , , ,245
36553,SOUTH FULTON (ZONE), ,05/01/2007,0,Drought, , ,0,0,0,0,GA,EST-5, ,6246,Z,44,FFC,0,0,Official NWS Observations, , , , , , , , , , , , ,246
28480,NORTH FULTON (ZONE), ,04/16/2007,1500,Strong Wind,37.00, ,0,0,200000,0,GA,EST-5,EG,4933,Z,33,FFC,0,0,Official NWS Observations, , , , , , , , , , , , ,247
32472,NORTH FULTON (ZONE), ,04/07/2007,400,Frost/Freeze, , ,0,0,0,0,GA,EST-5, ,5504,Z,33,FFC,0,0,Other Federal Agency, , , , , , , , , , , , ,248
32484,SOUTH FULTON (ZONE), ,04/07/2007,400,Frost/Freeze, , ,0,0,0,0,GA,EST-5, ,5504,Z,44,FFC,0,0,Other Federal Agency, , , , , , , , , , , , ,249
27011,FULTON CO.,CRABAPPLE,04/04/2007,107,Thunderstorm Wind,50.00, ,0,0,7000,0,GA,EST-5,EG,4510,C,121,FFC,0,0,Broadcast Media, , , ,0,N,0,N,BIRMINGHAM,34.08,-84.33,34.17,-84.33,250
25429,FULTON CO.,SANDY SPGS,04/03/2007,1805,Hail,1.00, ,0,0,0,0,GA,EST-5, ,4423,C,121,FFC,0,0,Trained Spotter, , , ,6,SW,6,SSE,SANDY SPGS,33.8587,-84.4539,33.8399,-84.34,251
15917,NORTH FULTON (ZONE), ,02/01/2007,400,Winter Weather, , ,0,0,0,0,GA,EST-5, ,3008,Z,33,FFC,0,0,County Official, , , , , , , , , , , , ,252
10253,FULTON CO.,ATLANTA,01/05/2007,1120,Thunderstorm Wind,50.00, ,0,0,3000,0,GA,EST-5,EG,1939,C,121,FFC,0,0,County Official, , , ,3,NE,6,NE,ATLANTA,33.8007,-84.3631,33.8313,-84.3262,253
5533393,FULTON CO.,ATLANTA,09/28/2006,1615,Hail,0.88, ,0,0,0,0,GA,EST, ,1221475,C,121,FFC,0,0,GENERAL PUBLIC, , , ,4,NE,5,NE,ATLANTA,33.78,-84.35,33.82,-84.33,254
5533343,FULTON CO.,ALPHARETTA,09/28/2006,1410,Hail,0.75, ,0,0,0,0,GA,EST, ,1221475,C,121,FFC,0,0,GENERAL PUBLIC, , , ,4,NNW,1,N,ALPHARETTA,34.12,-84.33,34.07,-84.30,255
5531707,FULTON CO.,ATLANTA,08/31/2006,1400,Lightning, , ,0,0,0,0,GA,EST, ,1220285,C,121,FFC,0,0,NEWSPAPER, , , , , , , ,ATLANTA, , , , ,256
5531319,FULTON CO.,SANDY SPGS,08/05/2006,1720,Thunderstorm Wind,50, ,0,0,2000,0,GA,EST,EG,1220272,C,121,FFC,0,0,GOVT OFFICIAL, , , , , , , ,SANDY SPGS,33.92,-84.38,33.92,-84.38,257
5531102,FULTON CO.,SANDY SPGS,08/02/2006,1813,Thunderstorm Wind,35, ,0,0,500,0,GA,EST,EG,1220270,C,121,FFC,0,0,GENERAL PUBLIC, , , , , , , ,SANDY SPGS,33.92,-84.38,33.92,-84.38,258
5514668,FULTON CO.,ROSWELL,06/23/2006,1715,Hail,0.75, ,0,0,0,0,GA,EST, ,1213374,C,121,FFC,0,0,GENERAL PUBLIC, , , ,2,ENE,1,S,ALPHARETTA,34.03,-84.33,34.05,-84.30,259
5513411,FULTON CO.,ROSWELL,05/25/2006,1810,Hail,0.75, ,0,0,0,0,GA,EST, ,1212025,C,121,FFC,0,0,GENERAL PUBLIC, , , , , , , ,ROSWELL,34.02,-84.37,34.02,-84.37,260
5502487,FULTON CO.,UNION CITY,04/26/2006,2035,Thunderstorm Wind,35, ,0,0,500,0,GA,EST,EG,1209261,C,121,FFC,0,0,LAW ENFORCEMENT, , , , , , , ,UNION CITY,33.57,-84.55,33.57,-84.55,261
5501912,FULTON CO.,MOUNTAIN PARK,04/08/2006,302,Tornado, ,F1,0,0,1500000,0,GA,EST, ,1209256,C,121,FFC,0,0,NWS STORM SURVEY, ,11,200,1,S, , ,ALPHARETTA,34.07,-84.42,34.07,-84.30,262
5502909,FULTON CO.,ADAMSVILLE,04/03/2006,615,Hail,1.25, ,0,0,0,0,GA,EST, ,1209255,C,121,FFC,0,0,GENERAL PUBLIC, , , ,3,N,3,N,ADAMSVILLE,33.78,-84.50,33.78,-84.50,263
5497536,FULTON CO.,ALPHARETTA,03/21/2006,9,Flash Flood, , ,0,0,250,0,GA,EST, ,1206220,C,121,FFC,0,0,OFFICIAL NWS OBS., , , ,2,E,2,E,ALPHARETTA,34.07,-84.27,34.07,-84.27,264
5491096,NORTH FULTON (ZONE), ,02/13/2006,0,Winter Weather, , ,0,0,0,0,GA,EST, ,1204690,Z,33,FFC,0,0,GOVT OFFICIAL, , , , , , , , , , , , ,265
5492722,FULTON CO.,NEWTOWN,01/23/2006,1308,Flash Flood, , ,0,0,100,0,GA,EST, ,1203979,C,121,FFC,0,0,OFFICIAL NWS OBS., , , ,3,SE,3,SE,NEWTOWN,34.03,-84.22,34.03,-84.22,266
5492606,FULTON CO.,ALPHARETTA,01/02/2006,1712,Hail,0.75, ,0,0,0,0,GA,EST, ,1203974,C,121,FFC,0,0,GENERAL PUBLIC, , , , , , , ,ALPHARETTA,34.07,-84.30,34.07,-84.30,267
5492303,FULTON CO.,COLLEGE PARK,01/02/2006,1702,Thunderstorm Wind,50, ,0,0,2000,0,GA,EST,EG,1203974,C,121,FFC,0,0,GENERAL PUBLIC, , , ,3,SW,3,SW,COLLEGE PARK,33.60,-84.47,33.60,-84.47,268
5492215,FULTON CO.,PALMETTO,01/02/2006,1645,Tornado, ,F2,0,0,250000,0,GA,EST, ,1203974,C,121,FFC,0,0,NWS STORM SURVEY, ,4,440,1,ENE,5,E,PALMETTO,33.52,-84.67,33.52,-84.58,269
5492133,FULTON CO.,PALMETTO,01/02/2006,1630,Hail,2.00, ,0,0,250000,0,GA,EST, ,1203974,C,121,FFC,0,0,GENERAL PUBLIC, , , , , , , ,COLLEGE PARK,33.52,-84.67,33.65,-84.43,270
5492128,FULTON CO.,NEWTOWN,01/02/2006,835,Flash Flood, , ,0,0,100,0,GA,EST, ,1203974,C,121,FFC,0,0,OFFICIAL NWS OBS., , , ,3,SE,3,SE,NEWTOWN,34.03,-84.22,34.03,-84.22,271
5487829,NORTH FULTON (ZONE), ,12/16/2005,500,Freezing Fog, , ,0,0,0,0,GA,EST, ,1202831,Z,33,FFC,0,0,OFFICIAL NWS OBS., , , , , , , , , , , , ,272
5487838,SOUTH FULTON (ZONE), ,12/16/2005,500,Freezing Fog, , ,0,0,0,0,GA,EST, ,1202831,Z,44,FFC,0,0,OFFICIAL NWS OBS., , , , , , , , , , , , ,273
5482969,FULTON CO.,ALPHARETTA,12/04/2005,1547,Hail,1.00, ,0,0,0,0,GA,EST, ,1202828,C,121,FFC,0,0,GENERAL PUBLIC, , , , , , , ,ALPHARETTA,34.07,-84.30,34.07,-84.30,274
5484254,SOUTH FULTON (ZONE), ,11/21/2005,1900,Strong Wind,31, ,0,0,30000,0,GA,EST,MG,1201727,Z,44,FFC,0,0,NEWSPAPER, , , , , , , , , , , , ,275
5484253,NORTH FULTON (ZONE), ,11/21/2005,1900,Strong Wind,31, ,0,0,2500,0,GA,EST,EG,1201727,Z,33,FFC,0,0,NEWSPAPER, , , , , , , , , , , , ,276
5477176,NORTH FULTON (ZONE), ,10/05/2005,400,Tropical Storm, , ,0,0,0,0,GA,EST, ,1200117,Z,33,FFC,0,0,OFFICIAL NWS OBS., , , , , , , , , , , , ,277
5477188,SOUTH FULTON (ZONE), ,10/05/2005,400,Tropical Storm, , ,0,0,0,0,GA,EST, ,1200117,Z,44,FFC,0,0,OFFICIAL NWS OBS., , , , , , , , , , , , ,278
5475459,SOUTH FULTON (ZONE), ,08/30/2005,400,Strong Wind,28, ,0,0,2000,0,GA,EST,EG,1198459,Z,44,FFC,0,0,EMERGENCY MANAGER, , , , , , , , , , , , ,279
5475458,NORTH FULTON (ZONE), ,08/30/2005,400,Strong Wind,28, ,0,0,3000,0,GA,EST,EG,1198459,Z,33,FFC,0,0,EMERGENCY MANAGER, , , , , , , , , , , , ,280
5476116,FULTON CO.,WARSAW,08/29/2005,1848,Thunderstorm Wind,50, ,0,0,3000,0,GA,EST,EG,1198457,C,121,FFC,0,0,EMERGENCY MANAGER, , , , , , , ,ALPHARETTA,34.02,-84.20,34.07,-84.30,281
5475364,NORTH FULTON (ZONE), ,08/29/2005,1100,Hurricane (Typhoon), , ,0,0,0,0,GA,EST, ,1198458,Z,33,FFC,0,0,OFFICIAL NWS OBS., , , , , , , , , , , , ,282
5475376,SOUTH FULTON (ZONE), ,08/29/2005,1100,Hurricane (Typhoon), , ,0,0,0,0,GA,EST, ,1198458,Z,44,FFC,0,0,OFFICIAL NWS OBS., , , , , , , , , , , , ,283
5475600,FULTON CO.,ALPHARETTA,08/16/2005,1500,Lightning, , ,0,0,500000,0,GA,EST, ,1198450,C,121,FFC,0,0,BROADCAST MEDIA, , , , , , , ,ALPHARETTA, , , , ,284
5475426,FULTON CO.,WARSAW,08/05/2005,1510,Thunderstorm Wind,35, ,0,0,1000,0,GA,EST,EG,1198445,C,121,FFC,0,0,GENERAL PUBLIC, , , ,4,WSW,4,WSW,WARSAW,34.00,-84.27,34.00,-84.27,285
5475264,FULTON CO.,EAST PT,08/04/2005,2222,Thunderstorm Wind,50, ,0,0,3000,0,GA,EST,EG,1198444,C,121,FFC,0,0,NWS EMPLOYEE(OFF DUTY), , , , , , , ,EAST PT,33.68,-84.45,33.68,-84.45,286
5467804,FULTON CO.,ROSWELL,07/15/2005,1549,Lightning, , ,0,2,0,0,GA,EST, ,1195514,C,121,FFC,0,0,NEWSPAPER, , , , , , , ,ROSWELL, , , , ,287
5468115,FULTON CO.,CENTRAL PORTION,07/11/2005,145,Flash Flood, , ,0,0,10000,0,GA,EST, ,1195501,C,121,FFC,0,0,OFFICIAL NWS OBS., , , , , , , ,CENTRAL PORTION, , , , ,288
5467543,NORTH FULTON (ZONE), ,07/11/2005,0,Flood, , ,0,0,0,0,GA,EST, ,1195502,Z,33,FFC,0,0,OFFICIAL NWS OBS., , , , , , , , ,33.05,-81.95,33.05,-81.95,289
5467599,SOUTH FULTON (ZONE), ,07/11/2005,0,Flood, , ,0,0,0,0,GA,EST, ,1195502,Z,44,FFC,0,0,OFFICIAL NWS OBS., , , , , , , , , , , , ,290
5468302,SOUTH FULTON (ZONE), ,07/10/2005,2100,Strong Wind,35, ,0,0,5000,0,GA,EST,EG,1195504,Z,44,FFC,0,0,EMERGENCY MANAGER, , , , , , , , , , , , ,291
5468301,NORTH FULTON (ZONE), ,07/10/2005,2000,Strong Wind,36, ,0,0,20000,0,GA,EST,EG,1195504,Z,33,FFC,0,0,EMERGENCY MANAGER, , , , , , , , , , , , ,292
5467547,FULTON CO.,UNION CITY,07/10/2005,1905,Flash Flood, , ,0,0,500,0,GA,EST, ,1195501,C,121,FFC,0,0,GENERAL PUBLIC, , , ,5,E,5,E,UNION CITY, , , , ,293
5467706,NORTH FULTON (ZONE), ,07/10/2005,1000,Hurricane (Typhoon), , ,0,0,0,0,GA,EST, ,1195503,Z,33,FFC,0,0,OFFICIAL NWS OBS., , , , , , , , , , , , ,294
5468268,SOUTH FULTON (ZONE), ,07/10/2005,1000,Hurricane (Typhoon), , ,0,0,0,0,GA,EST, ,1195503,Z,44,FFC,0,0,OFFICIAL NWS OBS., , , , , , , , , , , , ,295
5467463,SOUTH FULTON (ZONE), ,07/06/2005,2100,Flood, , ,0,0,0,0,GA,EST, ,1195499,Z,44,FFC,0,0,OFFICIAL NWS OBS., , , , , , , , , , , , ,296
5468427,FULTON CO.,ATLANTA,07/06/2005,2023,Flash Flood, , ,0,0,5000,0,GA,EST, ,1195497,C,121,FFC,0,0,OFFICIAL NWS OBS., , , ,3,SW,7,NNE,ATLANTA, , , , ,297
5468372,FULTON CO.,FAIRBURN,07/06/2005,1955,Thunderstorm Wind,50, ,0,0,5000,0,GA,EST,EG,1195497,C,121,FFC,0,0,GOVT OFFICIAL, , , , , , , ,UNION CITY,33.57,-84.58,33.57,-84.55,298
5467392,SOUTH FULTON (ZONE), ,07/06/2005,1500,Tropical Storm, , ,0,0,0,0,GA,EST, ,1195498,Z,44,FFC,0,0,OFFICIAL NWS OBS., , , , , , , , , , , , ,299
5467381,NORTH FULTON (ZONE), ,07/06/2005,1500,Tropical Storm, , ,0,0,0,0,GA,EST, ,1195498,Z,33,FFC,0,0,OFFICIAL NWS OBS., , , , , , , , , , , , ,300
5468173,FULTON CO.,ATLANTA,07/03/2005,1257,Hail,0.75, ,0,0,0,0,GA,EST, ,1195495,C,121,FFC,0,0,GENERAL PUBLIC, , , , , , , ,ATLANTA,33.77,-84.40,33.77,-84.40,301
5468177,FULTON CO.,ATLANTA,07/03/2005,1250,Thunderstorm Wind,50, ,0,0,250000,0,GA,EST,EG,1195495,C,121,FFC,0,0,BROADCAST MEDIA, , , ,4,NW,3,SE,ATLANTA,33.78,-84.45,33.73,-84.37,302
5468178,FULTON CO.,ATLANTA,07/03/2005,1240,Lightning, , ,0,0,5000,0,GA,EST, ,1195495,C,121,FFC,0,0,BROADCAST MEDIA, , , ,5,NW,5,SE,ATLANTA, , , , ,303
5468064,NORTH FULTON (ZONE), ,06/12/2005,0,Tropical Storm, , ,0,0,0,0,GA,EST, ,1195516,Z,33,FFC,0,0,OFFICIAL NWS OBS., , , , , , , , , , , , ,304
5465891,SOUTH FULTON (ZONE), ,06/12/2005,0,Tropical Storm, , ,0,0,0,0,GA,EST, ,1195516,Z,44,FFC,0,0,OFFICIAL NWS OBS., , , , , , , , , , , , ,305
5458555,FULTON CO.,PALMETTO,06/06/2005,1540,Hail,1.00, ,0,0,0,0,GA,EST, ,1192835,C,121,FFC,0,0,GENERAL PUBLIC, , , ,4,N,1,S,CAMPBELLTON,33.57,-84.67,33.63,-84.67,306
5448256,FULTON CO.,SANDY SPGS,04/22/2005,2125,Hail,1.00, ,0,0,0,0,GA,EST, ,1188006,C,121,FFC,0,0,GENERAL PUBLIC, , , , , , , ,SANDY SPGS,33.92,-84.38,33.92,-84.38,307
5447971,FULTON CO.,PALMETTO,04/22/2005,1225,Hail,1.00, ,0,0,0,0,GA,EST, ,1188006,C,121,FFC,0,0,GENERAL PUBLIC, , , , , , , ,PALMETTO,33.52,-84.67,33.52,-84.67,308
5447891,FULTON CO.,CRABAPPLE,04/12/2005,1742,Hail,0.75, ,0,0,0,0,GA,EST, ,1188004,C,121,FFC,0,0,GENERAL PUBLIC, , , , , , , ,CRABAPPLE,34.08,-84.33,34.08,-84.33,309
5447805,NORTH FULTON (ZONE), ,04/02/2005,1000,Winter Weather, , ,0,0,0,0,GA,EST, ,1188001,Z,33,FFC,0,0,GENERAL PUBLIC, , , , , , , , , , , , ,310
5447706,NORTH FULTON (ZONE), ,04/02/2005,730,Strong Wind,35, ,0,0,250,0,GA,EST,EG,1188000,Z,33,FFC,0,0,GOVT OFFICIAL, , , , , , , , , , , , ,311
5439780,FULTON CO.,ATLANTA,03/31/2005,1045,Flash Flood, , ,0,0,0,0,GA,EST, ,1186020,C,121,FFC,0,0,OFFICIAL NWS OBS., , , , , , , ,ATLANTA,33.77,-84.40,33.77,-84.40,312
5440640,FULTON CO.,ALPHARETTA,03/27/2005,1440,Hail,1.00, ,0,0,0,0,GA,EST, ,1186017,C,121,FFC,0,0,GENERAL PUBLIC, , , , , , , ,ROSWELL,34.07,-84.30,34.02,-84.37,313
5441097,FULTON CO.,ATLANTA,02/21/2005,2046,Hail,0.75, ,0,0,0,0,GA,EST, ,1185151,C,121,FFC,0,0,PARK/FOREST SERVICE, , , ,3,NNE,3,NNE,ATLANTA,33.78,-84.38,33.78,-84.38,314
5441096,FULTON CO.,SANDY SPGS,02/21/2005,1935,Hail,1.00, ,0,0,0,0,GA,EST, ,1185151,C,121,FFC,0,0,GENERAL PUBLIC, , , , , , , ,SANDY SPGS,33.92,-84.38,33.92,-84.38,315
5440915,FULTON CO.,ALPHARETTA,02/21/2005,1850,Hail,1.00, ,0,0,0,0,GA,EST, ,1185151,C,121,FFC,0,0,GENERAL PUBLIC, , , , , , , ,OCEE,34.07,-84.30,34.07,-84.22,316
5435789,NORTH FULTON (ZONE), ,01/28/2005,2000,Winter Storm, , ,0,0,350000,0,GA,EST, ,1184170,Z,33,FFC,0,0,GOVT OFFICIAL, , , , , , , , , , , , ,317
5435801,SOUTH FULTON (ZONE), ,01/28/2005,2000,Winter Storm, , ,0,0,150000,0,GA,EST, ,1184170,Z,44,FFC,0,0,GOVT OFFICIAL, , , , , , , , , , , , ,318
5435492,NORTH FULTON (ZONE), ,01/22/2005,1900,Strong Wind,32, ,0,0,1500,0,GA,EST,MG,1184168,Z,33,FFC,0,0,GOVT OFFICIAL, , , , , , , , , , , , ,319
5432645,FULTON CO.,ATLANTA,12/10/2004,1600,Hail,1.00, ,0,0,0,0,GA,EST, ,1183207,C,121,FFC,0,0,GOVT OFFICIAL, , , ,3,SW, , ,ATLANTA,33.73,-84.43,33.77,-84.40,320
5432646,FULTON CO.,ATLANTA,12/10/2004,1555,Thunderstorm Wind,50, ,0,0,5000,0,GA,EST,EG,1183207,C,121,FFC,0,0,BROADCAST MEDIA, , , ,3,SW,3,E,ATLANTA,33.73,-84.43,33.77,-84.35,321
5432568,FULTON CO.,ATLANTA,12/09/2004,2115,Hail,1.00, ,0,0,0,0,GA,EST, ,1183205,C,121,FFC,0,0,GENERAL PUBLIC, , , ,6,NNE,6,NNE,ATLANTA,33.85,-84.37,33.85,-84.37,322
5428935,FULTON CO.,SANDY SPGS,11/24/2004,1025,Thunderstorm Wind,50, ,0,0,5000,0,GA,EST,EG,1182427,C,121,FFC,0,0,GOVT OFFICIAL, , , ,3,S,3,S,SANDY SPGS,33.87,-84.38,33.87,-84.38,323
5427809,NORTH FULTON (ZONE), ,11/24/2004,1000,Flood, , ,0,0,0,0,GA,EST, ,1182429,Z,33,FFC,0,0,GOVT OFFICIAL, , , , , , , , , , , , ,324
5428860,FULTON CO.,CAMPBELLTON,11/24/2004,952,Thunderstorm Wind,50, ,0,0,1000,0,GA,EST,EG,1182427,C,121,FFC,0,0,GOVT OFFICIAL, , , ,1,S, , ,PALMETTO,33.63,-84.67,33.52,-84.67,325
5426202,FULTON CO.,NORTH PORTION,09/27/2004,1900,Flash Flood, , ,0,0,2000000,0,GA,EST, ,1181525,C,121,FFC,0,0,EMERGENCY MANAGER, , , , , , , ,NORTH PORTION, , , , ,326
5427507,NORTH FULTON (ZONE), ,09/27/2004,1330,Strong Wind,37, ,0,0,140000,0,GA,EST,EG,1181526,Z,33,FFC,0,0,NEWSPAPER, , , , , , , , , , , , ,327
5427508,SOUTH FULTON (ZONE), ,09/27/2004,1300,Strong Wind,37, ,0,0,10000,0,GA,EST,EG,1181526,Z,44,FFC,0,0,NEWSPAPER, , , , , , , , , , , , ,328
5424179,SOUTH FULTON (ZONE), ,09/26/2004,0,Tropical Storm, , ,0,0,0,0,GA,EST, ,1181028,Z,44,FFC,0,0,OFFICIAL NWS OBS., , , , , , , , , , , , ,329
5424167,NORTH FULTON (ZONE), ,09/26/2004,0,Tropical Storm, , ,0,0,0,0,GA,EST, ,1181028,Z,33,FFC,0,0,OFFICIAL NWS OBS., , , , , , , , , , , , ,330
5424127,NORTH FULTON (ZONE), ,09/16/2004,2000,Flood, , ,0,0,0,0,GA,EST, ,1181024,Z,33,FFC,0,0,OFFICIAL NWS OBS., , , , , , , , , , , , ,331
5425105,FULTON CO.,COUNTYWIDE,09/16/2004,1645,Flash Flood, , ,0,0,20000000,0,GA,EST, ,1181022,C,121,FFC,0,0,EMERGENCY MANAGER, , , , , , , ,COUNTYWIDE, , , , ,332
5424161,NORTH FULTON (ZONE), ,09/16/2004,1400,High Wind,50, ,0,1,750000,0,GA,EST,EG,1181025,Z,33,FFC,0,0,NEWSPAPER, , , , , , , , , , , , ,333
5424162,SOUTH FULTON (ZONE), ,09/16/2004,1330,High Wind,50, ,0,0,250000,0,GA,EST,EG,1181025,Z,44,FFC,0,0,NEWSPAPER, , , , , , , , , , , , ,334
5424728,SOUTH FULTON (ZONE), ,09/16/2004,0,Tropical Storm, , ,0,0,0,0,GA,EST, ,1181027,Z,44,FFC,0,0,OFFICIAL NWS OBS., , , , , , , , , , , , ,335
5424505,NORTH FULTON (ZONE), ,09/16/2004,0,Tropical Storm, , ,0,0,0,0,GA,EST, ,1181027,Z,33,FFC,0,0,OFFICIAL NWS OBS., , , , , , , , , , , , ,336
5424455,NORTH FULTON (ZONE), ,09/07/2004,130,High Wind,35, ,0,0,450000,0,GA,EST,ES,1181018,Z,33,FFC,0,0,NEWSPAPER, , , , , , , , , , , , ,337
5424038,SOUTH FULTON (ZONE), ,09/06/2004,1200,Tropical Storm, , ,0,0,0,0,GA,EST, ,1181023,Z,44,FFC,0,0,OFFICIAL NWS OBS., , , , , , , , , , , , ,338
5424026,NORTH FULTON (ZONE), ,09/06/2004,1200,Tropical Storm, , ,0,0,0,0,GA,EST, ,1181023,Z,33,FFC,0,0,OFFICIAL NWS OBS., , , , , , , , , , , , ,339
5421321,FULTON CO.,SANDY SPGS,08/05/2004,1545,Heavy Rain, , ,0,0,50000,0,GA,EST, ,1179271,C,121,FFC,0,0,BROADCAST MEDIA, , , ,1,S, , ,SANDY SPGS, , , , ,340
5415385,FULTON CO.,ATLANTA,07/25/2004,2331,Flash Flood, , ,0,0,0,0,GA,EST, ,1176699,C,121,FFC,0,0,NWS STORM SURVEY, , , ,5,WNW,5,WNW,ATLANTA, , , , ,341
5415256,FULTON CO.,ALPHARETTA,07/14/2004,1833,Hail,0.75, ,0,0,0,0,GA,EST, ,1176696,C,121,FFC,0,0,LAW ENFORCEMENT, , , , , , , ,ALPHARETTA,34.07,-84.30,34.07,-84.30,342
5414679,FULTON CO.,MOUNTAIN PARK,07/06/2004,1705,Hail,0.75, ,0,0,0,0,GA,EST, ,1176691,C,121,FFC,0,0,GENERAL PUBLIC, , , , , , , ,MOUNTAIN PARK,34.08,-84.42,34.08,-84.42,343
5409294,FULTON CO.,ATLANTA,06/27/2004,1807,Thunderstorm Wind,50, ,0,0,7000,0,GA,EST,EG,1174758,C,121,FFC,0,0,EMERGENCY MANAGER, , , ,2,E,2,E,ATLANTA,33.77,-84.37,33.77,-84.37,344
5410325,FULTON CO.,ATLANTA,06/23/2004,1630,Thunderstorm Wind,50, ,0,0,5000,0,GA,EST,EG,1174754,C,121,FFC,0,0,EMERGENCY MANAGER, , , , , , , ,ALPHARETTA,33.77,-84.40,34.07,-84.30,345
5395538,FULTON CO.,EAST PT,05/16/2004,1655,Hail,0.75, ,0,0,0,0,GA,EST, ,1168998,C,121,FFC,0,0,NWS EMPLOYEE(OFF DUTY), , , , , , , ,EAST PT,33.68,-84.45,33.68,-84.45,346
5395534,FULTON CO.,ALPHARETTA,05/12/2004,1920,Heavy Rain, , ,0,0,0,0,GA,EST, ,1168997,C,121,FFC,0,0,GENERAL PUBLIC, , , , , , , ,ALPHARETTA, , , , ,347
5389330,FULTON CO.,ATLANTA,04/12/2004,2345,Thunderstorm Wind,35, ,0,0,1000,0,GA,EST,EG,1167456,C,121,FFC,0,0,GENERAL PUBLIC, , , ,6,NNW,6,NNW,ATLANTA,33.85,-84.43,33.85,-84.43,348
5389180,NORTH FULTON (ZONE), ,03/01/2004,0,Drought, , ,0,0,0,0,GA,EST, ,1167454,Z,33,FFC,0,0,OFFICIAL NWS OBS., , , , , , , , , , , , ,349
5389192,SOUTH FULTON (ZONE), ,03/01/2004,0,Drought, , ,0,0,0,0,GA,EST, ,1167454,Z,44,FFC,0,0,OFFICIAL NWS OBS., , , , , , , , , , , , ,350
5386246,NORTH FULTON (ZONE), ,02/26/2004,0,Winter Storm, , ,0,0,0,0,GA,EST, ,1166091,Z,33,FFC,0,0,GOVT OFFICIAL, , , , , , , , , , , , ,351
5386254,SOUTH FULTON (ZONE), ,02/26/2004,0,Winter Storm, , ,0,0,0,0,GA,EST, ,1166091,Z,44,FFC,0,0,GOVT OFFICIAL, , , , , , , , , , , , ,352
5386433,SOUTH FULTON (ZONE), ,02/25/2004,2130,Strong Wind,39, ,0,0,2000,0,GA,EST,EG,1166092,Z,44,FFC,0,0,GOVT OFFICIAL, , , , , , , , , , , , ,353
5386424,NORTH FULTON (ZONE), ,02/25/2004,2130,Strong Wind,39, ,0,0,25000,0,GA,EST,EG,1166092,Z,33,FFC,0,0,GOVT OFFICIAL, , , , , , , , , , , , ,354
5384205,NORTH FULTON (ZONE), ,01/25/2004,500,Ice Storm, , ,0,0,0,0,GA,EST, ,1165807,Z,33,FFC,0,0,EMERGENCY MANAGER, , , , , , , , , , , , ,355
5334090,FULTON CO.,ALPHARETTA,07/22/2003,1315,Lightning, , ,0,0,5000,0,GA,EST, ,1159496,C,121,FFC,0,0,NEWSPAPER, , , , , , , ,ALPHARETTA, , , , ,356
5330185,FULTON CO.,ALPHARETTA,07/22/2003,1314,Hail,0.75, ,0,0,0,0,GA,EST, ,1159496,C,121,FFC,0,0,GENERAL PUBLIC, , , , , , , ,ALPHARETTA,34.07,-84.30,34.07,-84.30,357
5334550,FULTON CO.,BIRMINGHAM,07/22/2003,1212,Thunderstorm Wind,52, ,0,0,100000,0,GA,EST,EG,1159496,C,121,FFC,0,0,EMERGENCY MANAGER, , , , , , , ,LAKEWOOD HGTS,34.17,-84.33,33.68,-84.37,358
5334018,FULTON CO.,PALMETTO,07/10/2003,1812,Heavy Rain, , ,0,0,0,0,GA,EST, ,1159483,C,121,FFC,0,0,AMATEUR RADIO, , , , , , , ,PALMETTO, , , , ,359
5334014,FULTON CO.,ATLANTA,07/10/2003,1630,Flash Flood, , ,0,0,0,0,GA,EST, ,1159483,C,121,FFC,0,0,BROADCAST MEDIA, , , ,3,ENE,5,NNE,ATLANTA, , , , ,360
5334823,FULTON CO.,ATLANTA,07/10/2003,1615,Thunderstorm Wind,53, ,3,0,35000,0,GA,EST,EG,1159483,C,121,FFC,0,0,EMERGENCY MANAGER, , , , , ,5,NNE,ATLANTA,33.77,-84.40,33.83,-84.37,361
5330262,FULTON CO.,ROSWELL,07/04/2003,1400,Thunderstorm Wind,45, ,0,0,100,0,GA,EST,EG,1159480,C,121,FFC,0,0,GENERAL PUBLIC, , , , , , , ,ROSWELL,34.02,-84.37,34.02,-84.37,362
5329411,FULTON CO.,ATLANTA,07/01/2003,1718,Flash Flood, , ,0,0,5000,0,GA,EST, ,1159478,C,121,FFC,0,0,OFFICIAL NWS OBS., , , ,6,NE,6,NW,ATLANTA, , , , ,363
5329935,FULTON CO.,ATLANTA,07/01/2003,1535,Flash Flood, , ,0,0,5000,0,GA,EST, ,1159478,C,121,FFC,0,0,EMERGENCY MANAGER, , , ,6,NE,6,NW,ATLANTA, , , , ,364
5334724,NORTH FULTON (ZONE), ,07/01/2003,0,Tropical Storm, , ,0,0,0,0,GA,EST, ,1159493,Z,33,FFC,0,0,OFFICIAL NWS OBS., , , , , , , , , , , , ,365
5334736,SOUTH FULTON (ZONE), ,07/01/2003,0,Tropical Storm, , ,0,0,0,0,GA,EST, ,1159493,Z,44,FFC,0,0,OFFICIAL NWS OBS., , , , , , , , , , , , ,366
5366934,FULTON CO.,ATLANTA,06/30/2003,1450,Flash Flood, , ,0,0,5000,0,GA,EST, ,1156337,C,121,FFC,0,0,GENERAL PUBLIC, , , ,4,N,5,NW,ATLANTA, , , , ,367
5367940,FULTON CO.,SANDY SPGS,06/28/2003,1757,Heavy Rain, , ,0,0,0,0,GA,EST, ,1156335,C,121,FFC,0,0,AMATEUR RADIO, , , ,2,SE,2,SE,SANDY SPGS, , , , ,368
5368180,FULTON CO.,SANDY SPGS,06/16/2003,2330,Flash Flood, , ,0,0,500000,0,GA,EST, ,1156334,C,121,FFC,0,0,BROADCAST MEDIA, , , , , , , ,ATLANTA, , , , ,369
5370728,FULTON CO.,ATLANTA,06/13/2003,1450,Flash Flood, , ,0,0,5000,0,GA,EST, ,1156332,C,121,FFC,0,0,LAW ENFORCEMENT, , , ,4,N, , ,ATLANTA, , , , ,370
5361735,FULTON CO.,ATLANTA,05/18/2003,245,Flash Flood, , ,0,0,0,0,GA,EST, ,1154096,C,121,FFC,0,0,OFFICIAL NWS OBS., , , ,6,NW,9,NNE,ATLANTA, , , , ,371
5362503,FULTON CO.,BIRMINGHAM,05/17/2003,1612,Hail,0.75, ,0,0,0,0,GA,EST, ,1154096,C,121,FFC,0,0,GENERAL PUBLIC, , , , , , , ,BIRMINGHAM,34.17,-84.33,34.17,-84.33,372
5362450,FULTON CO.,ATLANTA,05/16/2003,205,Flash Flood, , ,0,0,300000,0,GA,EST, ,1154095,C,121,FFC,0,0,EMERGENCY MANAGER, , , ,6,NNE,3,W,ATLANTA, , , , ,373
5362220,FULTON CO.,EAST PT,05/07/2003,2000,Flash Flood, , ,0,0,5000,0,GA,EST, ,1154093,C,121,FFC,0,0,EMERGENCY MANAGER, , , , , , , ,EAST PT, , , , ,374
5362292,FULTON CO.,FAIRBURN,05/07/2003,1805,Thunderstorm Wind,56, ,0,0,0,0,GA,EST,EG,1154093,C,121,FFC,0,0,TRAINED SPOTTER, , , , , , , ,FAIRBURN,33.57,-84.58,33.57,-84.58,375
5362343,FULTON CO.,FAIRBURN,05/07/2003,1805,Hail,0.75, ,0,0,0,0,GA,EST, ,1154093,C,121,FFC,0,0,TRAINED SPOTTER, , , , , , , ,FAIRBURN,33.57,-84.58,33.57,-84.58,376
5362291,FULTON CO.,EAST PT,05/07/2003,1800,Thunderstorm Wind,50, ,0,0,2000,0,GA,EST,EG,1154093,C,121,FFC,0,0,EMERGENCY MANAGER, , , , , , , ,EAST PT,33.68,-84.45,33.68,-84.45,377
5363414,FULTON CO.,ATLANTA,05/06/2003,1619,Flash Flood, , ,0,0,5000,0,GA,EST, ,1154093,C,121,FFC,0,0,OFFICIAL NWS OBS., , , ,3,NNW,6,NNE,ATLANTA, , , , ,378
5362006,FULTON CO.,NORTH PORTION,05/06/2003,1440,Flash Flood, , ,0,0,5000,0,GA,EST, ,1154093,C,121,FFC,0,0,OFFICIAL NWS OBS., , , , , , , ,NORTH PORTION, , , , ,379
5363412,FULTON CO.,EAST PT,05/06/2003,1435,Flash Flood, , ,0,0,375000,0,GA,EST, ,1154093,C,121,FFC,0,0,GENERAL PUBLIC, , , , , ,6,NE,ATLANTA, , , , ,380
5362383,FULTON CO.,ATLANTA,05/06/2003,145,Flash Flood, , ,0,0,250000,0,GA,EST, ,1154093,C,121,FFC,0,0,OFFICIAL NWS OBS., , , ,6,NNW,6,NE,ATLANTA, , , , ,381
5362182,FULTON CO.,UNION CITY,05/02/2003,1920,Thunderstorm Wind,60, ,0,1,150000,0,GA,EST,EG,1154092,C,121,FFC,0,0,LAW ENFORCEMENT, , , , , , , ,UNION CITY,33.57,-84.55,33.57,-84.55,382
5362181,FULTON CO.,UNION CITY,05/02/2003,1850,Hail,0.75, ,0,0,0,0,GA,EST, ,1154092,C,121,FFC,0,0,LAW ENFORCEMENT, , , , , , , ,UNION CITY,33.57,-84.55,33.57,-84.55,383
5362005,FULTON CO.,LAKEWOOD HGTS,05/02/2003,1720,Thunderstorm Wind,50, ,0,0,1000,0,GA,EST,EG,1154092,C,121,FFC,0,0,GENERAL PUBLIC, , , , , , , ,LAKEWOOD HGTS,33.68,-84.37,33.68,-84.37,384
5362004,FULTON CO.,LAKEWOOD HGTS,05/02/2003,1716,Hail,0.75, ,0,0,0,0,GA,EST, ,1154092,C,121,FFC,0,0,GENERAL PUBLIC, , , , , , , ,LAKEWOOD HGTS,33.68,-84.37,33.68,-84.37,385
5362003,FULTON CO.,ALPHARETTA,05/02/2003,1635,Hail,1.00, ,0,0,0,0,GA,EST, ,1154092,C,121,FFC,0,0,GENERAL PUBLIC, , , , , , , ,ALPHARETTA,34.07,-84.30,34.07,-84.30,386
5349300,FULTON CO.,BOLTON,04/25/2003,1817,Hail,1.75, ,0,0,0,0,GA,EST, ,1149356,C,121,FFC,0,0,BROADCAST MEDIA, , , ,3,N,6,NE,ATLANTA,33.87,-84.47,33.83,-84.33,387
5349637,FULTON CO.,ATLANTA,04/25/2003,1815,Thunderstorm Wind,45, ,0,0,5000,0,GA,EST,EG,1149356,C,121,FFC,0,0,EMERGENCY MANAGER, , , ,6,NNE,6,NNE,ATLANTA,33.85,-84.37,33.85,-84.37,388
5345637,FULTON CO.,COLLEGE PARK,03/20/2003,25,Thunderstorm Wind,50, ,0,0,2000,0,GA,EST,EG,1148139,C,121,FFC,0,0,EMERGENCY MANAGER, , , , , , , ,COLLEGE PARK,33.65,-84.43,33.65,-84.43,389
5344406,FULTON CO.,CAMPBELLTON,03/05/2003,2220,Hail,0.75, ,0,0,0,0,GA,EST, ,1148137,C,121,FFC,0,0,NWS EMPLOYEE(OFF DUTY), , , , , , , ,CAMPBELLTON,33.65,-84.67,33.65,-84.67,390
5338725,NORTH FULTON (ZONE), ,01/23/2003,800,Extreme Cold/Wind Chill, , ,0,0,0,0,GA,EST, ,1146542,Z,33,FFC,0,0,OFFICIAL NWS OBS., , , , , , , , , , , , ,391
5338737,SOUTH FULTON (ZONE), ,01/23/2003,800,Extreme Cold/Wind Chill, , ,0,0,0,0,GA,EST, ,1146542,Z,44,FFC,0,0,OFFICIAL NWS OBS., , , , , , , , , , , , ,392
5339677,SOUTH FULTON (ZONE), ,01/11/2003,0,Extreme Cold/Wind Chill, , ,0,0,0,0,GA,EST, ,1146543,Z,44,FFC,0,0,OFFICIAL NWS OBS., , , , , , , , , , , , ,393
5339665,NORTH FULTON (ZONE), ,01/11/2003,0,Extreme Cold/Wind Chill, , ,0,0,0,0,GA,EST, ,1146543,Z,33,FFC,0,0,OFFICIAL NWS OBS., , , , , , , , , , , , ,394
5339205,NORTH FULTON (ZONE), ,01/01/2003,0,Drought, , ,0,0,0,0,GA,EST, ,1146544,Z,33,FFC,0,0,OFFICIAL NWS OBS., , , , , , , , , , , , ,395
5339311,SOUTH FULTON (ZONE), ,01/01/2003,0,Drought, , ,0,0,0,0,GA,EST, ,1146544,Z,44,FFC,0,0,OFFICIAL NWS OBS., , , , , , , , , , , , ,396
5326450,FULTON CO.,ATLANTA,12/24/2002,830,Flash Flood, , ,0,0,0,0,GA,EST, ,1145642,C,121,FFC,0,0,OFFICIAL NWS OBS., , , ,5,NW,4,NE,ATLANTA, , , , ,397
5321872,FULTON CO.,ATLANTA,11/11/2002,346,Thunderstorm Wind, , ,0,0,30000,0,GA,EST, ,1145144,C,121,FFC,0,0,EMERGENCY MANAGER, , , ,6,N,6,N,ATLANTA,33.85,-84.40,33.85,-84.40,398
5321871,FULTON CO.,ALPHARETTA,11/11/2002,339,Hail,0.75, ,0,0,0,0,GA,EST, ,1145144,C,121,FFC,0,0,EMERGENCY MANAGER, , , , , , , ,ALPHARETTA,34.07,-84.30,34.07,-84.30,399
5318815,SOUTH FULTON (ZONE), ,10/06/2002,1100,Heavy Rain, , ,0,0,0,0,GA,EST, ,1144101,Z,44,FFC,0,0,OFFICIAL NWS OBS., , , , , , , , , , , , ,400
5318803,NORTH FULTON (ZONE), ,10/06/2002,1100,Heavy Rain, , ,0,0,0,0,GA,EST, ,1144101,Z,33,FFC,0,0,OFFICIAL NWS OBS., , , , , , , , , , , , ,401
5316612,SOUTH FULTON (ZONE), ,09/27/2002,300,Strong Wind, , ,0,0,0,0,GA,EST, ,1143364,Z,44,FFC,0,0,EMERGENCY MANAGER, , , , , , , , , , , , ,402
5316608,NORTH FULTON (ZONE), ,09/27/2002,300,Strong Wind, , ,0,0,0,0,GA,EST, ,1143364,Z,33,FFC,0,0,EMERGENCY MANAGER, , , , , , , , , , , , ,403
5316709,SOUTH FULTON (ZONE), ,09/26/2002,1800,Strong Wind, , ,0,0,0,0,GA,EST, ,1143365,Z,44,FFC,0,0,EMERGENCY MANAGER, , , , , , , , , , , , ,404
5316705,NORTH FULTON (ZONE), ,09/26/2002,1800,Strong Wind, , ,0,0,0,0,GA,EST, ,1143365,Z,33,FFC,0,0,EMERGENCY MANAGER, , , , , , , , , , , , ,405
5316273,FULTON CO.,ATLANTA,09/21/2002,2030,Flash Flood, , ,0,0,1480000,0,GA,EST, ,1143362,C,121,FFC,0,0,EMERGENCY MANAGER, , , ,2,SW, , ,COLLEGE PARK, , , , ,406
5316276,FULTON CO.,ATLANTA,09/21/2002,1930,Flood, , ,0,0,0,0,GA,EST, ,1143362,C,121,FFC,0,0,AMATEUR RADIO, , , ,6,NE,2,SW,ATLANTA, , , , ,407
5316486,SOUTH FULTON (ZONE), ,09/14/2002,1100,Tropical Storm, , ,0,0,0,0,GA,EST, ,1143363,Z,44,FFC,0,0,OFFICIAL NWS OBS., , , , , , , , , , , , ,408
5316395,NORTH FULTON (ZONE), ,09/14/2002,1100,Tropical Storm, , ,0,0,0,0,GA,EST, ,1143363,Z,33,FFC,0,0,OFFICIAL NWS OBS., , , , , , , , , , , , ,409
5315427,SOUTH FULTON (ZONE), ,09/03/2002,1200,Excessive Heat, , ,0,0,0,0,GA,EST, ,1143368,Z,44,FFC,0,0,OFFICIAL NWS OBS., , , , , , , , , , , , ,410
5315358,NORTH FULTON (ZONE), ,09/03/2002,1200,Excessive Heat, , ,0,0,0,0,GA,EST, ,1143368,Z,33,FFC,0,0,OFFICIAL NWS OBS., , , , , , , , , , , , ,411
5316837,FULTON CO.,FAIRBURN,08/26/2002,1830,Lightning, , ,0,0,250,0,GA,EST, ,1142620,C,121,FFC,0,0,EMERGENCY MANAGER, , , , , , , ,FAIRBURN, , , , ,412
5318326,FULTON CO.,SANDY SPGS,08/26/2002,1809,Thunderstorm Wind, , ,0,0,2000,0,GA,EST, ,1142620,C,121,FFC,0,0,EMERGENCY MANAGER, , , ,4,SW,4,SW,SANDY SPGS,33.88,-84.43,33.88,-84.43,413
5318195,FULTON CO.,ROSWELL,08/16/2002,1930,Thunderstorm Wind, , ,0,0,0,0,GA,EST, ,1142614,C,121,FFC,0,0,EMERGENCY MANAGER, , , , , , , ,ROSWELL, , , , ,414
5317057,SOUTH FULTON (ZONE), ,08/01/2002,0,Drought, , ,0,0,0,0,GA,EST, ,1142626,Z,44,FFC,0,0,OFFICIAL NWS OBS., , , , , , , , , , , , ,415
5317045,NORTH FULTON (ZONE), ,08/01/2002,0,Drought, , ,0,0,0,0,GA,EST, ,1142626,Z,33,FFC,0,0,OFFICIAL NWS OBS., , , , , , , , , , , , ,416
5308855,FULTON CO.,WARSAW,07/31/2002,1600,Thunderstorm Wind, , ,0,0,1000,0,GA,EST, ,1138871,C,121,FFC,0,0,AMATEUR RADIO, , , , , , , ,WARSAW,34.02,-84.20,34.02,-84.20,417
5308520,FULTON CO.,ALPHARETTA,07/23/2002,1654,Hail,1.00, ,0,0,0,0,GA,EST, ,1138867,C,121,FFC,0,0,GENERAL PUBLIC, , , ,5,SE,5,SE,ALPHARETTA,34.02,-84.23,34.02,-84.23,418
5307927,FULTON CO.,ATLANTA,07/03/2002,1550,Thunderstorm Wind, , ,0,0,500,0,GA,EST, ,1138860,C,121,FFC,0,0,EMERGENCY MANAGER, , , , , , , ,ALPHARETTA,33.77,-84.40,34.07,-84.30,419
5309136,FULTON CO.,ATLANTA,07/02/2002,1650,Thunderstorm Wind, , ,0,0,500,0,GA,EST, ,1138859,C,121,FFC,0,0,AMATEUR RADIO, , , ,3,E,3,E,ATLANTA,33.77,-84.35,33.77,-84.35,420
5309135,FULTON CO.,ATLANTA,07/02/2002,1645,Hail,1.00, ,0,0,0,0,GA,EST, ,1138859,C,121,FFC,0,0,AMATEUR RADIO, , , ,3,E, , ,HAPEVILLE,33.77,-84.35,33.67,-84.40,421
5309036,FULTON CO.,CRABAPPLE,07/02/2002,1542,Hail,0.88, ,0,0,0,0,GA,EST, ,1138859,C,121,FFC,0,0,BROADCAST MEDIA, , , , , , , ,ROSWELL,34.08,-84.33,34.02,-84.37,422
5297279,FULTON CO.,ROSWELL,06/04/2002,1910,Hail,0.75, ,0,0,0,0,GA,EST, ,1136544,C,121,FFC,0,0,GENERAL PUBLIC, , , , , , , ,ROSWELL,34.02,-84.37,34.02,-84.37,423
5297278,FULTON CO.,ROSWELL,06/04/2002,1907,Thunderstorm Wind, , ,0,0,1000,0,GA,EST, ,1136544,C,121,FFC,0,0,GENERAL PUBLIC, , , , , , , ,ROSWELL,34.02,-84.37,34.02,-84.37,424
5291867,NORTH FULTON (ZONE), ,05/18/2002,0,Cold/Wind Chill, , ,0,0,0,0,GA,EST, ,1134578,Z,33,FFC,0,0,OFFICIAL NWS OBS., , , , , , , , , , , , ,425
5291879,SOUTH FULTON (ZONE), ,05/18/2002,0,Cold/Wind Chill, , ,0,0,0,0,GA,EST, ,1134578,Z,44,FFC,0,0,OFFICIAL NWS OBS., , , , , , , , , , , , ,426
5290916,FULTON CO.,CRABAPPLE,05/13/2002,1440,Hail,0.88, ,0,0,0,0,GA,EST, ,1134576,C,121,FFC,0,0,AMATEUR RADIO, , , ,2,SW,2,SW,CRABAPPLE,34.07,-84.35,34.07,-84.35,427
5290911,FULTON CO.,FAIRBURN,05/13/2002,1430,Thunderstorm Wind, , ,0,0,1000,0,GA,EST, ,1134576,C,121,FFC,0,0,NWS EMPLOYEE(OFF DUTY), , , , , , , ,FAIRBURN,33.57,-84.58,33.57,-84.58,428
5297085,FULTON CO.,ATLANTA,05/04/2002,930,Flash Flood, , ,0,0,0,0,GA,EST, ,1136542,C,121,FFC,0,0,EMERGENCY MANAGER, , , ,3,N,3,N,ATLANTA, , , , ,429
5291950,FULTON CO.,ATLANTA,05/03/2002,714,Flood, , ,0,0,0,0,GA,EST, ,1134573,C,121,FFC,0,0,AMATEUR RADIO, , , , , ,6,NNE,ATLANTA, , , , ,430
5291949,FULTON CO.,ATLANTA,05/03/2002,710,Hail,0.75, ,0,0,0,0,GA,EST, ,1134573,C,121,FFC,0,0,BROADCAST MEDIA, , , , , , , ,ATLANTA,33.77,-84.40,33.77,-84.40,431
5283906,FULTON CO.,ROSWELL,04/28/2002,2030,Thunderstorm Wind, , ,0,0,7000,0,GA,EST, ,1132403,C,121,FFC,0,0,GENERAL PUBLIC, , , , , , , ,ALPHARETTA,34.02,-84.37,34.07,-84.30,432
5283907,FULTON CO.,ROSWELL,04/28/2002,2030,Funnel Cloud, , ,0,0,0,0,GA,EST, ,1132403,C,121,FFC,0,0,LAW ENFORCEMENT, , , , , , , ,ROSWELL, , , , ,433
5283905,FULTON CO.,ROSWELL,04/28/2002,2023,Hail,1.75, ,0,0,0,0,GA,EST, ,1132403,C,121,FFC,0,0,GENERAL PUBLIC, , , , , , , ,OCEE,34.02,-84.37,34.07,-84.22,434
5284315,NORTH FULTON (ZONE), ,04/16/2002,1200,Heat, , ,0,0,0,0,GA,EST, ,1132404,Z,33,FFC,0,0,OFFICIAL NWS OBS., , , , , , , , , , , , ,435
5284327,SOUTH FULTON (ZONE), ,04/16/2002,1200,Heat, , ,0,0,0,0,GA,EST, ,1132404,Z,44,FFC,0,0,OFFICIAL NWS OBS., , , , , , , , , , , , ,436
5284574,SOUTH FULTON (ZONE), ,04/01/2002,0,Drought, , ,0,0,0,0,GA,EST, ,1132405,Z,44,FFC,0,0,OFFICIAL NWS OBS., , , , , , , , , , , , ,437
5284483,NORTH FULTON (ZONE), ,04/01/2002,0,Drought, , ,0,0,0,0,GA,EST, ,1132405,Z,33,FFC,0,0,OFFICIAL NWS OBS., , , , , , , , , , , , ,438
5281312,FULTON CO.,LAKEWOOD HGTS,03/31/2002,1416,Thunderstorm Wind, , ,0,0,1000,0,GA,EST, ,1131342,C,121,FFC,0,0,GENERAL PUBLIC, , , , , ,2,W,COLLEGE PARK,33.68,-84.37,33.65,-84.47,439
5281311,FULTON CO.,EAST PT,03/31/2002,1403,Hail,0.75, ,0,0,0,0,GA,EST, ,1131342,C,121,FFC,0,0,GENERAL PUBLIC, , , , , ,2,NNE,ATLANTA,33.68,-84.45,33.78,-84.38,440
5281243,FULTON CO.,ATLANTA,03/30/2002,2100,Flood, , ,0,0,0,0,GA,EST, ,1131342,C,121,FFC,0,0,GENERAL PUBLIC, , , ,6,NNE,6,NNE,ATLANTA, , , , ,441
5281806,NORTH FULTON (ZONE), ,03/15/2002,1200,Heat, , ,0,0,0,0,GA,EST, ,1131344,Z,33,FFC,0,0,OFFICIAL NWS OBS., , , , , , , , , , , , ,442
5281818,SOUTH FULTON (ZONE), ,03/15/2002,1200,Heat, , ,0,0,0,0,GA,EST, ,1131344,Z,44,FFC,0,0,OFFICIAL NWS OBS., , , , , , , , , , , , ,443
5281527,NORTH FULTON (ZONE), ,03/01/2002,0,Extreme Cold/Wind Chill, , ,0,0,0,0,GA,EST, ,1131343,Z,33,FFC,0,0,OFFICIAL NWS OBS., , , , , , , , , , , , ,444
5281539,SOUTH FULTON (ZONE), ,03/01/2002,0,Extreme Cold/Wind Chill, , ,0,0,0,0,GA,EST, ,1131343,Z,44,FFC,0,0,OFFICIAL NWS OBS., , , , , , , , , , , , ,445
5279240,SOUTH FULTON (ZONE), ,02/26/2002,1800,Extreme Cold/Wind Chill, , ,0,0,0,0,GA,EST, ,1130576,Z,44,FFC,0,0,OFFICIAL NWS OBS., , , , , , , , , , , , ,446
5279228,NORTH FULTON (ZONE), ,02/26/2002,1800,Extreme Cold/Wind Chill, , ,0,0,0,0,GA,EST, ,1130576,Z,33,FFC,0,0,OFFICIAL NWS OBS., , , , , , , , , , , , ,447
5277708,NORTH FULTON (ZONE), ,01/30/2002,0,Dense Fog, , ,0,0,0,0,GA,EST, ,1130115,Z,33,FFC,0,0,OFFICIAL NWS OBS., , , , , , , , , , , , ,448
5277720,SOUTH FULTON (ZONE), ,01/30/2002,0,Dense Fog, , ,0,0,0,0,GA,EST, ,1130115,Z,44,FFC,0,0,OFFICIAL NWS OBS., , , , , , , , , , , , ,449
5277543,SOUTH FULTON (ZONE), ,01/29/2002,300,Dense Fog, , ,0,0,0,0,GA,EST, ,1130114,Z,44,FFC,0,0,OFFICIAL NWS OBS., , , , , , , , , , , , ,450
5277324,SOUTH FULTON (ZONE), ,01/24/2002,0,Heat, , ,0,0,0,0,GA,EST, ,1130113,Z,44,FFC,0,0,OFFICIAL NWS OBS., , , , , , , , , , , , ,451
5277312,NORTH FULTON (ZONE), ,01/24/2002,0,Heat, , ,0,0,0,0,GA,EST, ,1130113,Z,33,FFC,0,0,OFFICIAL NWS OBS., , , , , , , , , , , , ,452
5277015,SOUTH FULTON (ZONE), ,01/02/2002,600,Heavy Snow, , ,0,0,0,0,GA,EST, ,1130110,Z,44,FFC,0,0,EMERGENCY MANAGER, , , , , , , , , , , , ,453
5277003,NORTH FULTON (ZONE), ,01/02/2002,600,Heavy Snow, , ,0,0,0,0,GA,EST, ,1130110,Z,33,FFC,0,0,EMERGENCY MANAGER, , , , , , , , , , , , ,454
5274349,NORTH FULTON (ZONE), ,12/01/2001,0,Drought, , ,0,0,0,0,GA,EST, ,1125059,Z,33,FFC,0,0,OFFICIAL NWS OBS., , , , , , , , , , , , ,455
5274121,SOUTH FULTON (ZONE), ,12/01/2001,0,Heat, , ,0,0,0,0,GA,EST, ,1125058,Z,44,FFC,0,0,OFFICIAL NWS OBS., , , , , , , , , , , , ,456
5274109,NORTH FULTON (ZONE), ,12/01/2001,0,Heat, , ,0,0,0,0,GA,EST, ,1125058,Z,33,FFC,0,0,OFFICIAL NWS OBS., , , , , , , , , , , , ,457
5274453,SOUTH FULTON (ZONE), ,12/01/2001,0,Drought, , ,0,0,0,0,GA,EST, ,1125059,Z,44,FFC,0,0,OFFICIAL NWS OBS., , , , , , , , , , , , ,458
5270250,SOUTH FULTON (ZONE), ,11/01/2001,0,Heat, , ,0,0,0,0,GA,EST, ,1123819,Z,44,FFC,0,0,OFFICIAL NWS OBS., , , , , , , , , , , , ,459
5270084,SOUTH FULTON (ZONE), ,11/01/2001,0,Drought, , ,0,0,0,0,GA,EST, ,1123818,Z,44,FFC,0,0,OFFICIAL NWS OBS., , , , , , , , , , , , ,460
5270031,NORTH FULTON (ZONE), ,11/01/2001,0,Drought, , ,0,0,0,0,GA,EST, ,1123818,Z,33,FFC,0,0,OFFICIAL NWS OBS., , , , , , , , , , , , ,461
5270200,NORTH FULTON (ZONE), ,11/01/2001,0,Heat, , ,0,0,0,0,GA,EST, ,1123819,Z,33,FFC,0,0,OFFICIAL NWS OBS., , , , , , , , , , , , ,462
5267901,SOUTH FULTON (ZONE), ,10/27/2001,0,Extreme Cold/Wind Chill, , ,0,0,0,0,GA,EST, ,1122994,Z,44,FFC,0,0,OFFICIAL NWS OBS., , , , , , , , , , , , ,463
5268689,NORTH FULTON (ZONE), ,10/27/2001,0,Extreme Cold/Wind Chill, , ,0,0,0,0,GA,EST, ,1122994,Z,33,FFC,0,0,OFFICIAL NWS OBS., , , , , , , , , , , , ,464
5268835,SOUTH FULTON (ZONE), ,10/01/2001,0,Drought, , ,0,0,0,0,GA,EST, ,1122995,Z,44,FFC,0,0,OFFICIAL NWS OBS., , , , , , , , , , , , ,465
5268823,NORTH FULTON (ZONE), ,10/01/2001,0,Drought, , ,0,0,0,0,GA,EST, ,1122995,Z,33,FFC,0,0,OFFICIAL NWS OBS., , , , , , , , , , , , ,466
5266393,SOUTH FULTON (ZONE), ,09/26/2001,0,Extreme Cold/Wind Chill, , ,0,0,0,0,GA,EST, ,1122309,Z,44,FFC,0,0,OFFICIAL NWS OBS., , , , , , , , , , , , ,467
5266381,NORTH FULTON (ZONE), ,09/26/2001,0,Extreme Cold/Wind Chill, , ,0,0,0,0,GA,EST, ,1122309,Z,33,FFC,0,0,OFFICIAL NWS OBS., , , , , , , , , , , , ,468
5260413,FULTON CO.,ATLANTA,07/05/2001,1639,Thunderstorm Wind,56, ,0,0,10000,0,GA,EST,E,1120695,C,121,FFC,0,0,LAW ENFORCEMENT, , , ,9,NNW, , ,UNION CITY,33.88,-84.47,33.57,-84.55,469
5260609,FULTON CO.,ALPHARETTA,07/03/2001,1445,Hail,0.75, ,0,0,0,0,GA,EST, ,1120693,C,121,FFC,0,0,TRAINED SPOTTER, , , ,1,S,1,S,ALPHARETTA,34.05,-84.30,34.05,-84.30,470
5260611,FULTON CO.,ALPHARETTA,07/03/2001,1445,Flood, , ,0,0,0,0,GA,EST, ,1120693,C,121,FFC,0,0,TRAINED SPOTTER, , , ,1,S,1,S,ALPHARETTA, , , , ,471
5260610,FULTON CO.,ALPHARETTA,07/03/2001,1445,Thunderstorm Wind, , ,0,0,1000,0,GA,EST, ,1120693,C,121,FFC,0,0,TRAINED SPOTTER, , , ,1,S,1,S,ALPHARETTA,34.05,-84.30,34.05,-84.30,472
5256026,FULTON CO.,ATLANTA,06/25/2001,1845,Thunderstorm Wind, , ,0,0,5000,0,GA,EST, ,1118323,C,121,FFC,0,0,METEOROLOGIST(NON NWS), , , ,6,NNE,6,NNE,ATLANTA,33.85,-84.37,33.85,-84.37,473
5255937,FULTON CO.,UNION CITY,06/22/2001,1245,Thunderstorm Wind, , ,0,0,2000,0,GA,EST, ,1118322,C,121,FFC,0,0,EMERGENCY MANAGER, , , ,2,E,2,E,UNION CITY,33.57,-84.52,33.57,-84.52,474
5255724,FULTON CO.,UNION CITY,06/14/2001,1855,Hail,0.88, ,0,0,0,0,GA,EST, ,1118317,C,121,FFC,0,0,EMERGENCY MANAGER, , , , , , , ,UNION CITY,33.57,-84.55,33.57,-84.55,475
5255719,FULTON CO.,ATLANTA,06/14/2001,1335,Hail,0.75, ,0,0,0,0,GA,EST, ,1118317,C,121,FFC,0,0,GENERAL PUBLIC, , , , , , , ,ATLANTA,33.77,-84.40,33.77,-84.40,476
5256617,FULTON CO.,ATLANTA,06/03/2001,1630,Flood, , ,0,0,0,0,GA,EST, ,1118308,C,121,FFC,0,0,AMATEUR RADIO, , , ,3,W,7,N,ATLANTA, , , , ,477
5256541,FULTON CO.,ATLANTA,06/03/2001,1558,Hail,0.75, ,0,0,0,0,GA,EST, ,1118308,C,121,FFC,0,0,GENERAL PUBLIC, , , ,9,NNE,9,NNE,ATLANTA,33.88,-84.33,33.88,-84.33,478
5256542,FULTON CO.,ATLANTA,06/03/2001,1521,Hail,0.88, ,0,0,500,0,GA,EST, ,1118308,C,121,FFC,0,0,GENERAL PUBLIC, , , ,7,N,7,N,ATLANTA,33.87,-84.40,33.87,-84.40,479
5256465,FULTON CO.,ALPHARETTA,06/03/2001,1440,Hail,0.75, ,0,0,0,0,GA,EST, ,1118308,C,121,FFC,0,0,AMATEUR RADIO, , , , , , , ,ALPHARETTA,34.07,-84.30,34.07,-84.30,480
5245521,FULTON CO.,ALPHARETTA,05/28/2001,2104,Hail,0.75, ,0,0,0,0,GA,EST, ,1114917,C,121,FFC,0,0,GENERAL PUBLIC, , , , , , , ,ALPHARETTA,34.07,-84.30,34.07,-84.30,481
5245285,FULTON CO.,ROSWELL,05/19/2001,1543,Lightning, , ,0,0,0,0,GA,EST, ,1114911,C,121,FFC,0,0,AMATEUR RADIO, , , , , , , ,ROSWELL, , , , ,482
5245294,FULTON CO.,SANDY SPGS,05/19/2001,1509,Lightning, , ,0,0,250000,0,GA,EST, ,1114913,C,121,FFC,0,0,NEWSPAPER, , , ,5,SE,5,SE,SANDY SPGS, , , , ,483
5245206,FULTON CO.,ALPHARETTA,05/19/2001,1127,Hail,1.75, ,0,0,0,0,GA,EST, ,1114911,C,121,FFC,0,0,GENERAL PUBLIC, , , ,3,N, , ,ROSWELL,34.12,-84.30,34.02,-84.37,484
5240917,FULTON CO.,FAIRBURN,04/03/2001,800,Lightning, , ,0,0,1500,0,GA,EST, ,1113397,C,121,FFC,0,0,GENERAL PUBLIC, , , ,3,W,3,W,FAIRBURN, , , , ,485
5240921,FULTON CO.,FAIRBURN,04/03/2001,800,Lightning, , ,0,0,1500,0,GA,EST, ,1113401,C,121,FFC,0,0,GENERAL PUBLIC, , , ,3,W,3,W,FAIRBURN, , , , ,486
5237357,NORTH FULTON (ZONE), ,03/20/2001,600,High Wind, , ,0,0,2500,0,GA,EST, ,1112543,Z,33,FFC,0,0,EMERGENCY MANAGER, , , , , , , , , , , , ,487
5237363,SOUTH FULTON (ZONE), ,03/20/2001,600,High Wind, , ,0,0,2500,0,GA,EST, ,1112543,Z,44,FFC,0,0,EMERGENCY MANAGER, , , , , , , , , , , , ,488
5238540,NORTH FULTON (ZONE), ,03/01/2001,0,Heavy Rain, , ,0,0,0,0,GA,EST, ,1112536,Z,33,FFC,0,0,EMERGENCY MANAGER, , , , , , , , , , , , ,489
5238618,SOUTH FULTON (ZONE), ,03/01/2001,0,Heavy Rain, , ,0,0,0,0,GA,EST, ,1112536,Z,44,FFC,0,0,EMERGENCY MANAGER, , , , , , , , , , , , ,490
5232658,FULTON CO.,ADAMSVILLE,02/16/2001,1822,Thunderstorm Wind, , ,0,0,5000,0,GA,EST, ,1111369,C,121,FFC,0,0,LAW ENFORCEMENT, , , ,3,SSW, , ,ROSWELL,33.72,-84.52,34.02,-84.37,491
5230673,FULTON CO.,UNION CITY,01/19/2001,1210,Thunderstorm Wind, , ,0,0,500000,0,GA,EST, ,1110675,C,121,FFC,0,0,EMERGENCY MANAGER, , , , , , , ,UNION CITY,33.57,-84.55,33.57,-84.55,492
5230526,NORTH FULTON (ZONE), ,01/01/2001,758,Winter Weather, , ,0,0,0,0,GA,EST, ,1110672,Z,33,FFC,0,0,NEWSPAPER, , , , , , , , , , , , ,493
5230530,SOUTH FULTON (ZONE), ,01/01/2001,758,Winter Weather, , ,0,0,0,0,GA,EST, ,1110672,Z,44,FFC,0,0,NEWSPAPER, , , , , , , , , , , , ,494
5167943,NORTH FULTON (ZONE), ,12/19/2000,0,Winter Storm, , ,0,0,0,0,GA,EST, ,1105563,Z,33,FFC,0,0,EMERGENCY MANAGER, , , , , , , , , , , , ,495
5167949,SOUTH FULTON (ZONE), ,12/19/2000,0,Winter Storm, , ,0,0,0,0,GA,EST, ,1105563,Z,44,FFC,0,0,EMERGENCY MANAGER, , , , , , , , , , , , ,496
5167482,SOUTH FULTON (ZONE), ,12/17/2000,730,Winter Storm, , ,0,0,0,0,GA,EST, ,1105562,Z,44,FFC,0,0,EMERGENCY MANAGER, , , , , , , , , , , , ,497
5167359,NORTH FULTON (ZONE), ,12/17/2000,730,Winter Storm, , ,0,0,0,0,GA,EST, ,1105562,Z,33,FFC,0,0,EMERGENCY MANAGER, , , , , , , , , , , , ,498
5178218,NORTH FULTON (ZONE), ,12/01/2000,0,Extreme Cold/Wind Chill, , ,0,0,0,0,GA,EST, ,1105565,Z,33,FFC,0,0,OFFICIAL NWS OBS., , , , , , , , , , , , ,499
5178230,SOUTH FULTON (ZONE), ,12/01/2000,0,Extreme Cold/Wind Chill, , ,0,0,0,0,GA,EST, ,1105565,Z,44,FFC,0,0,OFFICIAL NWS OBS., , , , , , , , , , , , ,500
